school_id,name,address,city,zip_code,school_type,latitude,longitude,school_rating,district_id
101907107,ADAM ELEMENTARY,11303 HONEYGROVE LN,HOUSTON,77065,Elementary,29.926556,-95.603242,85,1
101905043,AGUIRRE JUNIOR HIGH ,15726 WALLISVILLE RD,HOUSTON,77049,Middle,29.809586,-95.156563,85,2
101911101,ALAMO ELEMENTARY,6100 N MAIN,BAYTOWN,77521,Elementary,29.79278,-94.963885,95,3
101903045,ALBRIGHT MIDDLE,6315 WINKLEMAN,HOUSTON,77083,Middle,29.709561,-95.654675,95,4
101912102,ALCOTT ELEMENTARY,5859 BELLFORT,HOUSTON,77033,Elementary,29.667765,-95.329295,85,5
101902001,ALDINE HIGH,11101 AIRLINE DR,HOUSTON,77037,High,29.916259,-95.405271,75,6
101902041,ALDINE MIDDLE,14908 ALDINE-WESTFIELD RD,HOUSTON,77032,Middle,29.933013,-95.356249,65,6
101903114,ALEXANDER ELEMENTARY,8500 BROOKWULF,HOUSTON,77099,Elementary,29.686972,-95.607954,75,4
101905041,ALICE JOHNSON JUNIOR HIGH ,15500 PROCTOR,CHANNELVIEW,77530,Middle,29.799846,-95.130063,85,2
101903012,ALIEF EARLY COLLEGE HIGH,2811 A HAYES RD,HOUSTON,77082,High,29.734785,-95.574743,95,4
101903041,ALIEF MIDDLE,4415 COOK RD,HOUSTON,77072,Middle,29.709148,-95.596117,75,4
101912104,ALMEDA ELEMENTARY,14249 BRIDGEPORT RD,HOUSTON,77047,Elementary,29.600797,-95.418693,75,5
101902101,ANDERSON ACADEMY ELEMENTARY,7401 WHEATLEY ST,HOUSTON,77088,Elementary,29.86874,-95.430431,55,6
101919109,ANDERSON ELEMENTARY,6218 LYNNGATE DR,SPRING,77373,Elementary,30.037179,-95.333651,75,7
101912105,ANDERSON ELEMENTARY,5727 LUDINGTON DR,HOUSTON,77035,Elementary,29.648059,-95.48785,65,5
101907146,ANDRE ELEMENTARY,8111 FRY RD,CYPRESS,77433,Elementary,29.896386,-95.717905,85,1
101919003,ANDY DEKANEY HIGH,22352 IMPERIAL VLY DR,HOUSTON,77073,High,30.019569,-95.417659,65,7
101907058,ANTHONY MIDDLE,10215 GREENHOUSE RD,CYRESS,77433,Middle,29.93433,-95.74763,85,1
101907051,ARAGON MIDDLE,16823 W RD,HOUSTON,77095,Middle,29.908183,-95.664491,95,1
101907041,ARNOLD MIDDLE,11111 TELGE RD,CYPRESS,77429,Middle,29.938468,-95.649484,95,1
101911113,ASHBEL SMITH ELEMENTARY,403 E JAMES,BAYTOWN,77520,Elementary,29.732967,-94.961288,75,3
101912273,ASHFORD ELEMENTARY,1815 SHANNON VLY DR,HOUSTON,77077,Elementary,29.747281,-95.598103,55,5
101912274,ASKEW ELEMENTARY,11200 WOOD LODGE DR,HOUSTON,77077,Elementary,29.752432,-95.577315,75,5
101913008,ATASCOCITA HIGH,13300 WILL CLAYTON PKWY,HUMBLE,77346,High,29.994499,-95.177499,85,8
101913044,ATASCOCITA MIDDLE,18810 W LAKE HOUSTON PKY,HUMBLE,77346,Middle,29.992319,-95.15998,75,8
101913126,ATASCOCITA SPRINGS ELEMENTARY,13515 VALLEY LODGE PKWY,HUMBLE,77346,Elementary,29.965116,-95.184267,95,8
101912106,ATHERTON ELEMENTARY,2011 SOLO ST,HOUSTON,77020,Elementary,29.779677,-95.322677,95,5
101917124,ATKINSON ELEMENTARY,9602 KINGSPOINT RD,HOUSTON,77075,Elementary,29.607283,-95.24048,85,9
101912041,ATTUCKS MIDDLE,4330 BELLFORT BLVD,HOUSTON,77051,Middle,29.667065,-95.363434,65,5
101907133,AULT ELEMENTARY,21010 MAPLE VILLAGE DR,CYPRESS,77429,Elementary,29.99808,-95.744473,85,1
101912001,AUSTIN HIGH,1700 DUMBLE,HOUSTON,77023,High,29.730907,-95.333202,75,5
101905042,B H HAMBLEN ELEMENTARY,1019 DELL DALE ST,CHANNELVIEW,77530,Elementary,29.793885,-95.142425,85,2
101917101,BAILEY ELEMENTARY,2707 LAFFERTY RD,PASADENA,77502,Elementary,29.671899,-95.196706,85,9
101919102,BAMMEL ELEMENTARY,17309 RED OAK DR,HOUSTON,77090,Elementary,30.020154,-95.445997,65,7
101919102,BAMMEL MIDDLE,17309 RED OAK DR,HOUSTON,77090,Middle,30.020154,-95.445997,65,7
101919046,BAMMEL MIDDLE,16711 ELLA BLVD,HOUSTON,77090,Middle,30.003274,-95.445218,55,7
101907101,BANE ELEMENTARY,5805 KAISER ST,HOUSTON,77040,Elementary,29.854126,-95.525989,65,1
101907125,BANG ELEMENTARY,8900 RIO GRANDE,HOUSTON,77064,Elementary,29.902319,-95.573301,85,1
101911125,BANUELOS ELEMENTARY,7770 EASTPOINT BLVD,BAYTOWN,77521,Elementary,29.816073,-94.989334,85,3
101906103,BARRETT ELEMENTARY,815 F M 1942,CROSBY,77532,Elementary,29.654684,-95.220423,75,10
101912107,BARRICK ELEMENTARY,12001 WINFREY LN,HOUSTON,77076,Elementary,29.874541,-95.371042,75,5
101912108,BASTIAN ELEMENTARY,5051 BELLFORT,HOUSTON,77033,Elementary,29.667019,-95.34946,85,5
101912467,BAYLOR COLLEGE OF MEDICINE ACADEMY MIDDLE,2610 ELGIN ST,HOUSTON,77004,Middle,29.732278,-95.362956,85,5
101912234,BAYLOR COLLEGE OF MEDICINE BIOTECH MIDDLE,2805 GARROW ST,HOUSTON,77003,Middle,29.753311,-95.344563,85,5
101916104,BAYSHORE ELEMENTARY,800 MCCABLE RD,LA PORTE,77571,Elementary,29.688447,-95.051319,75,11
101911041,BAYTOWN JUNIOR HIGH ,7707 BAYWAY DR,BAYTOWN,77520,Middle,29.776725,-95.036304,75,3
101913106,BEAR BRANCH ELEMENTARY,3500 GARDEN LK,KINGWOOD,77339,Elementary,30.057181,-95.203646,95,8
101914106,BEAR CREEK ELEMENTARY,4815 HICKORY DOWNS DR,HOUSTON,77084,Elementary,29.844642,-95.637063,75,12
101914050,BECKENDORFF JUNIOR HIGH ,8200 FRY RD,KATY,77494,Middle,29.72042,-95.791693,95,12
101912151,BELL ELEMENTARY,12323 SHAFTSBURY DR,HOUSTON,77031,Elementary,29.643376,-95.549625,85,5
101912002,BELLAIRE HIGH,5100 MAPLE,BELLAIRE,77401,High,29.691038,-95.467717,85,5
101912295,BENAVIDEZ ELEMENTARY,6262 GULFTON ST,HOUSTON,77081,Elementary,29.717307,-95.492153,75,5
101912268,BENBROOK ELEMENTARY,4026 BOLIN RD,HOUSTON,77092,Elementary,29.82708,-95.481661,85,5
101919112,BENEKE ELEMENTARY,3840 BRIARCHASE DR,HOUSTON,77014,Elementary,29.98304,-95.481305,85,7
101915107,BENFER ELEMENTARY,18027B KUYKENDAHL RD,KLEIN,77379,Elementary,30.034571,-95.485698,85,13
101915124,BENIGNUS ELEMENTARY,7225 ALVIN A KLEIN DR,KLEIN,77379,Elementary,30.071911,-95.535469,95,13
101915129,BERNSHAUSEN ELEMENTARY,11116 MAHAFFEY,TOMBALL,77375,Elementary,30.090425,-95.587733,75,13
101912109,BERRY ELEMENTARY,2310 BERRY RD,HOUSTON,77093,Elementary,29.837569,-95.349188,85,5
101903118,BEST ELEMENTARY,10000 CENTRE PKWY,HOUSTON,77036,Elementary,29.67178,-95.55266,75,4
101914141,BETHKE ELEMENTARY,4535 E VENTANA PKWY,KATY,77493,Elementary,29.840087,-95.780358,85,12
101917041,BEVERLY HILLS INTERMEDIATE,11111 BEAMER,HOUSTON,77089,Middle,29.606945,-95.226981,85,9
101907139,BIRKES ELEMENTARY,8500 QUEENSTON BLVD,HOUSTON,77095,Elementary,29.90514,-95.668969,95,1
101907148,BLACK ELEMENTARY,14155 GRANT RD,CYPRESS,77429,Elementary,30.007601,-95.641596,95,1
101902126,BLACK ELEMENTARY,160 MILLSTREAM,HOUSTON,77060,Elementary,29.934695,-95.394872,75,6
101912042,BLACK MIDDLE,1575 CHANTILLY,HOUSTON,77018,Middle,29.828798,-95.440235,85,5
101915127,BLACKSHEAR ELEMENTARY,11211 LACEY RD,TOMBALL,77375,Elementary,30.035634,-95.584814,85,13
101912110,BLACKSHEAR ELEMENTARY,2900 HOLMAN AVE,HOUSTON,77004,Elementary,29.729869,-95.362421,75,5
101907043,BLEYL MIDDLE,10800 MILLS RD,HOUSTON,77070,Middle,29.963514,-95.583045,85,1
101917143,BOBBY SHAW MIDDLE,1201 HOUSTON AVE,PASADENA,77502,Elementary,29.689191,-95.196229,75,9
101917051,BONDY INTERMEDIATE,5101 KEITH RD,PASADENA,77505,Middle,29.644713,-95.164256,85,9
101912111,BONHAM ELEMENTARY,8302 BRAES RIVER DR,HOUSTON,77074,Elementary,29.687732,-95.520197,75,5
101912112,BONNER ELEMENTARY,8100 ELROD ST,HOUSTON,77017,Elementary,29.677371,-95.259424,85,5
101908043,BONNETTE JUNIOR HIGH ,5010 PASADENA BLVD,DEER PARK,77536,Middle,29.681964,-95.137892,75,14
101914131,BONNIE HOLLAND ELEMENTARY,23720 SEVEN MEADOW PKWY,KATY,77449,Elementary,29.837562,-95.733756,95,12
101912016,BOOKER T WASHINGTON HIGH,4204 YALE ST,HOUSTON,77018,High,29.824641,-95.39935,75,5
101903102,BOONE ELEMENTARY,11400 BISSONNET,HOUSTON,77099,Elementary,29.674912,-95.580019,75,4
101912114,BRAEBURN ELEMENTARY,7707 RAMPART ST,HOUSTON,77081,Elementary,29.695557,-95.487821,85,5
101912116,BRIARGROVE ELEMENTARY,6145 SAN FELIPE ST,HOUSTON,77057,Elementary,29.749048,-95.492021,85,5
101912344,BRIARMEADOW CHARTER ELEMENTARY,3601 DUNVALE,HOUSTON,77063,Elementary,29.726498,-95.511977,95,5
101912344,BRIARMEADOW CHARTER MIDDLE,3601 DUNVALE,HOUSTON,77063,Middle,29.726498,-95.511977,95,5
101915109,BRILL ELEMENTARY,9102 HERTS RD,KLEIN,77379,Elementary,30.003193,-95.544413,95,13
101912117,BRISCOE ELEMENTARY,321 FOREST HILL,HOUSTON,77011,Elementary,29.730929,-95.298372,75,5
101912119,BROOKLINE ELEMENTARY,6301 S LOOP E,HOUSTON,77087,Elementary,29.698791,-95.314949,95,5
101912120,BROWNING ELEMENTARY,607 NORTHWOOD ST,HOUSTON,77009,Elementary,29.797006,-95.379122,75,5
101912121,BRUCE ELEMENTARY,510 JENSEN DR,HOUSTON,77020,Elementary,29.766395,-95.342853,65,5
101914142,BRYANT ELEMENTARY,29801 KINGSLAND BLVD,BROOKSHIRE,77423,Elementary,29.85915,-95.98022,95,12
101903145,BUDEWIG INTERMEDIATE,12570 RICHMOND,HOUSTON,77082,Elementary,29.731432,-95.60402,85,4
101920126,BUFFALO CREEK ELEMENTARY,2801 BLALOCK RD,HOUSTON,77080,Elementary,29.819712,-95.523992,75,15
101920102,BUNKER HILL ELEMENTARY,11950 TAYLORCREST,HOUSTON,77024,Elementary,29.774183,-95.538593,95,15
101912122,BURBANK ELEMENTARY,216 TIDWELL,HOUSTON,77022,Elementary,29.843423,-95.373256,95,5
101912043,BURBANK MIDDLE,315 BERRY RD,HOUSTON,77022,Middle,29.837718,-95.371308,95,5
101912124,BURNET ELEMENTARY,5403 CANAL ST,HOUSTON,77011,Elementary,29.746023,-95.318344,85,5
101917126,BURNETT ELEMENTARY,11825 TEANECK DR,HOUSTON,77089,Elementary,29.591351,-95.200932,75,9
101912125,BURRUS ELEMENTARY,701 E 33RD ST,HOUSTON,77022,Elementary,29.81765,-95.390892,75,5
101912275,BUSH ELEMENTARY,13800 WESTERLOCH DR,HOUSTON,77077,Elementary,29.758127,-95.626825,95,5
101903121,BUSH ELEMENTARY,9730 STROUD DR,HOUSTON,77036,Elementary,29.701476,-95.55368,75,4
101902131,BUSSEY ELEMENTARY,11555 AIRLINE,HOUSTON,77037,Elementary,29.923271,-95.409258,75,6
101924001,C E KING HIGH,8540 C E KING PKWY,HOUSTON,77044,High,29.906619,-95.180595,85,16
101924041,C E KING MIDDLE,8530 C E KING PKWY,HOUSTON,77044,Middle,29.906619,-95.180595,75,16
101902128,CALVERT ELEMENTARY,1925 MARVELL DR,HOUSTON,77032,Elementary,29.947718,-95.362179,85,6
101907044,CAMPBELL MIDDLE,11415 BOBCAT DR,HOUSTON,77064,Middle,29.937902,-95.572237,85,1
101921111,CANYON POINTE ELEMENTARY,13002 NORTHPOINTE BLVD,TOMBALL,77377,Elementary,30.030082,-95.627781,85,17
101914051,CARDIFF JUNIOR HIGH ,3900 DAYFLORWER DR,KATY,77449,Middle,29.837562,-95.733756,85,12
101902122,CARMICHAEL ELEMENTARY,6902 SILVER STAR DR,HOUSTON,77086,Elementary,29.928754,-95.487883,85,6
101912322,CARNEGIE VANGUARD HIGH,1501 TAFT,HOUSTON,77019,High,29.75432,-95.38568,95,5
101919124,CAROLEE BOOKER ELEMENTARY,22352 IMPERIAL VLY,HOUSTON,77373,Elementary,30.019569,-95.417659,75,7
101919124,CAROLEE BOOKER ELEMENTARY,22352 IMPERIAL VLY,HOUSTON,77373,Middle,30.019569,-95.417659,75,7
101908101,CARPENTER ELEMENTARY,5002 PASADENA BLVD,DEER PARK,77536,Elementary,29.681964,-95.137899,75,14
101912292,CARRILLO ELEMENTARY,960 S WAYSIDE DR,HOUSTON,77023,Elementary,29.729205,-95.311212,85,5
101902103,CARROLL ELEMENTARY,423 W GULFBANK,HOUSTON,77037,Elementary,29.887761,-95.403821,75,6
101902107,CARTER ACADEMY ELEMENTARY,3111 FALLBROOK DR,HOUSTON,77038,Elementary,29.919208,-95.467879,75,6
101917139,CARTER LOMAX MIDDLE,1519 GENOA RED BLUFF RD,PASADENA,77504,Elementary,29.632487,-95.174527,85,9
101911105,CARVER ELEMENTARY,600 S PRUETT,BAYTOWN,77520,Elementary,29.729043,-94.974738,85,3
101902002,CARVER HIGH FOR APPLIED TECH/ENGINE,2100 S VICTORY DR,HOUSTON,77088,High,29.871573,-95.444609,85,6
101911043,CEDAR BAYOU JUNIOR HIGH ,2610 ELVINTA ST,BAYTOWN,77520,Middle,29.755596,-94.936968,85,3
101920124,CEDAR BROOK ELEMENTARY,2121 OJEMAN RD,HOUSTON,77080,Elementary,29.812221,-95.503825,85,15
101903104,CHAMBERS ELEMENTARY,10700 CARVEL,HOUSTON,77072,Elementary,29.698614,-95.566643,75,4
101903108,CHANCELLOR ELEMENTARY,4350 BOONE RD,HOUSTON,77072,Elementary,29.710293,-95.576297,75,4
101905001,CHANNELVIEW HIGH,1100 SHELDON RD,CHANNELVIEW,77530,High,29.79579,-95.122427,85,2
101912027,CHAVEZ HIGH,8501 HOWARD,HOUSTON,77017,High,29.685202,-95.255237,75,5
101919119,CHET BURCHETT ELEMENTARY,3366 JAMES LEO DR,SPRING,77373,Elementary,30.068698,-95.365036,85,7
101910101,CIMARRON ELEMENTARY,816 CIMARRON,HOUSTON,77015,Elementary,29.781305,-95.191321,85,18
101914107,CIMARRON ELEMENTARY,1100 S PEEK RD,KATY,77494,Elementary,29.767089,-95.770979,75,12
101914007,CINCO RANCH HIGH,23440 CINCO RANCH BLVD,KATY,77494,High,29.746838,-95.779944,95,12
101914048,CINCO RANCH JUNIOR HIGH ,23420 CINCO RANCH BLVD,KATY,77494,Middle,29.744296,-95.773773,95,12
101911123,CLARK ELEMENTARY,6033 N HWY 146,BAYTOWN,77521,Elementary,29.791839,-94.910081,75,3
101919116,CLARK INTERMEDIATE,1825 RUSHWORTH DR,HOUSTON,77014,Elementary,29.972161,-95.446825,65,7
101919116,CLARK INTERMEDIATE,1825 RUSHWORTH DR,HOUSTON,77014,Middle,29.972161,-95.446825,65,7
101912048,CLIFTON MIDDLE,6001 GOLDEN FOREST DR,HOUSTON,77092,Middle,29.843336,-95.47943,65,5
101910102,CLOVERLEAF ELEMENTARY,1035 FRANKIE,HOUSTON,77015,Elementary,29.776614,-95.175718,85,18
101910045,COBB 6TH GRADE CAMPUS,6722 UVALDE,HOUSTON,77049,Middle,29.821281,-95.18054,85,18
101912123,CODWELL ELEMENTARY,5225 TAVENOR LN,HOUSTON,77048,Elementary,29.634139,-95.345562,75,5
101916105,COLLEGE PARK ELEMENTARY,4315 LUELLA,DEER PARK,77536,Elementary,29.674721,-95.112859,85,11
101903122,COLLINS ELEMENTARY,9829 TOWN PARK DR,HOUSTON,77036,Elementary,29.710788,-95.554942,75,4
101912130,CONDIT ELEMENTARY,7000 S THIRD,BELLAIRE,77401,Elementary,29.702467,-95.468611,95,5
101902123,CONLEY ELEMENTARY,3345 W GREENS RD,HOUSTON,77066,Elementary,29.945602,-95.471629,85,6
101912358,COOK JR ELEMENTARY,7115 LOCKWOOD,HOUSTON,77016,Elementary,29.824208,-95.319543,75,5
101907047,COOK MIDDLE,9111 WHEATLAND DR,HOUSTON,77064,Middle,29.909596,-95.568509,95,1
101912132,COOP ELEMENTARY,10130 ALDINE WESTFIELD RD,HOUSTON,77093,Elementary,29.858595,-95.34965,85,5
101907130,COPELAND ELEMENTARY,18018 FOREST HTS DR,HOUSTON,77095,Elementary,29.892096,-95.682204,95,1
101912133,CORNELIUS ELEMENTARY,7475 WESTOVER ST,HOUSTON,77087,Elementary,29.67764,-95.293625,95,5
101921112,CREEKSIDE FOREST ELEMENTARY,5949 CREEKSIDE FOREST DR,THE WOODLANDS,77389,Elementary,30.143614,-95.511834,95,17
101921044,CREEKSIDE PARK JUNIOR HIGH ,8711 CREEKSIDE GREEN DR,THE WOODLANDS,77375,Middle,30.094886,-95.585826,95,17
101921115,CREEKVIEW ELEMENTARY,8877 W NEW HARMONY,THE WOODLANDS,77375,Elementary,30.094886,-95.585826,95,17
101913043,CREEKWOOD MIDDLE,3603 LK HOUSTON PKWY,KINGWOOD,77339,Middle,30.06198,-95.187784,85,8
101905105,CRENSHAW ELEMENTARY,16204 WOOD DR,CHANNELVIEW,77530,Elementary,29.805686,-95.114505,85,2
101912290,CRESPO ELEMENTARY,7500 OFFICE CITY DR,HOUSTON,77012,Elementary,29.700522,-95.28602,85,5
101911118,CROCKETT ELEMENTARY,4500 BARKALOO RD,BAYTOWN,77521,Elementary,29.772864,-94.956155,85,3
101906106,CROSBY ELEMENTARY,14705 FM 2100,CROSBY,77532,Elementary,29.899463,-95.063653,75,10
101906001,CROSBY HIGH,333 RED SUMMIT DR,CROSBY,77532,High,29.91462,-95.05908,85,10
101906042,CROSBY MIDDLE,14703 FM 2100,CROSBY,77532,Middle,29.899717,-95.069765,85,10
101912044,CULLEN MIDDLE,6900 SCOTT ST,HOUSTON,77021,Middle,29.691625,-95.363622,65,5
101903112,CUMMINGS ELEMENTARY,10455 S KIRKWOOD,HOUSTON,77099,Elementary,29.66396,-95.58554,65,4
101912136,CUNNINGHAM ELEMENTARY,5100 GULFTON ST,HOUSTON,77081,Elementary,29.71767,-95.469038,75,5
101910044,CUNNINGHAM MIDDLE,14110 WALLISVILLE RD,HOUSTON,77049,Middle,29.802156,-95.201406,85,18
101907002,CY-FAIR HIGH,22602 HEMPSTEAD HWY,CYPRESS,77429,High,29.831053,-95.501082,95,1
101907004,CYPRESS CREEK HIGH,9815 GRANT RD,HOUSTON,77070,High,29.964996,-95.567052,85,1
101907007,CYPRESS FALLS HIGH,9811 HUFFMEISTER RD,HOUSTON,77095,High,29.918853,-95.633674,85,1
101907013,CYPRESS LAKES HIGH,5750 GREENHOUSE RD,KATY,77449,High,29.854719,-95.702998,85,1
101907012,CYPRESS RANCH HIGH,10700 FRY RD,CYPRESS,77433,High,29.93433,-95.74763,95,1
101907010,CYPRESS RIDGE HIGH,7900 N ELDRIDGE PKWY,HOUSTON,77041,High,29.902792,-95.602789,85,1
101907009,CYPRESS SPRINGS HIGH,7909 FRY RD,CYPRESS,77433,High,29.891963,-95.723004,85,1
101907011,CYPRESS WOODS HIGH,16825 SPRING CYPRESS RD,CYPRESS,77429,High,29.973941,-95.684765,95,1
101902136,CYPRESSWOOD ELEMENTARY,6901 CYPRESSWOOD POINT AV,HUMBLE,77338,Elementary,30.022355,-95.320134,75,6
101907145,DANISH ELEMENTARY,11850 FALLBROOK DR,HOUSTON,77065,Elementary,29.93268,-95.59895,95,1
101912297,DAVILA ELEMENTARY,7610 DAHLIA ST,HOUSTON,77012,Elementary,29.713968,-95.285784,85,5
101902012,DAVIS HIGH ALDINE,12525 ELLA BLVD,HOUSTON,77067,High,29.954586,-95.433108,75,6
101912137,DE CHAUMES ELEMENTARY,155 COOPER,HOUSTON,77076,Elementary,29.860966,-95.376812,85,5
101912138,DE ZAVALA ELEMENTARY,7521 AVE H,HOUSTON,77012,Elementary,29.718525,-95.274137,95,5
101905102,DE ZAVALA ELEMENTARY,16150 SECOND ST,CHANNELVIEW,77530,Elementary,29.77911,-95.115285,75,2
101911120,DE ZAVALA ELEMENTARY,305 TRI CITY BEACH RD,BAYTOWN,77520,Elementary,29.720075,-94.954252,65,3
101917136,DE ZAVALA MIDDLE SCHOOL,101 E JACKSON,PASADENA,77506,Elementary,29.706882,-95.210382,75,9
101912045,DEADY MIDDLE,2500 BROADWAY ST,HOUSTON,77012,Middle,29.704364,-95.279368,55,5
101907042,DEAN MIDDLE,14104 REO ST,HOUSTON,77040,Middle,29.854731,-95.527281,85,1
101912383,DEANDA ELEMENTARY,7980 ALMEDA GENOA RD,HOUSTON,77075,Elementary,29.624949,-95.279524,95,5
101912026,DEBAKEY HIGH FOR HEALTH PROF,2545 PRESSLER,HOUSTON,77030,High,29.706787,-95.401748,95,5
101921102,DECKER PRAIRIE ELEMENTARY,27427 DECKER PRAIRIE-ROSEHILL,MAGNOLIA,77355,Elementary,30.128754,-95.660058,85,17
101908102,DEEPWATER ELEMENTARY,309 GLENMORE,PASADENA,77503,Elementary,29.707838,-95.162371,75,14
101908041,DEEPWATER JUNIOR HIGH ,501 GLENMORE,PASADENA,77503,Middle,29.706833,-95.162328,85,14
101908105,DEER PARK ELEMENTARY,2920 LUELLA,DEER PARK,77536,Elementary,29.685191,-95.114247,85,14
101908001,DEER PARK HIGH,710 W SAN AUGUSTINE,DEER PARK,77536,High,29.689008,-95.132126,85,14
101908042,DEER PARK JUNIOR HIGH ,410 E NINTH,DEER PARK,77536,Middle,29.703277,-95.119282,95,14
101913112,DEERWOOD ELEMENTARY,2920 FOREST GARDEN DR,KINGWOOD,77345,Elementary,30.056322,-95.172972,95,8
101919114,DELORAS E THOMPSON ELEMENTARY,12470 WALTERS RD,HOUSTON,77014,Elementary,29.969704,-95.465051,75,7
101914108,DIANE WINBORN ELEMENTARY,22555 PRINCE GEORGE,KATY,77449,Elementary,29.799065,-95.76423,85,12
101917004,DOBIE HIGH,10220 BLACKHAWK,HOUSTON,77089,High,29.593857,-95.245014,85,9
101915046,DOERRE INTERMEDIATE,18218 THEISS MAIL RD,KLEIN,77379,Middle,30.02806,-95.547258,85,13
101912140,DOGAN ELEMENTARY,4202 LIBERTY RD,HOUSTON,77026,Elementary,29.78497,-95.328205,75,5
101919123,DONNA LEWIS ELEMENTARY,3230 SPEARS RD,HOUSTON,77067,Elementary,29.966055,-95.475127,85,7
101910115,DR SHIRLEY J WILLIAMSON ELEMENTARY,6720 NEW FOREST PKWY,HOUSTON,77049,Elementary,29.821553,-95.176868,85,18
101902042,DREW ACADEMY MIDDLE,1910 W LITTLE YORK RD,HOUSTON,77091,Middle,29.865356,-95.439889,75,6
101906104,DREW ELEMENTARY,223 RED OAK,CROSBY,77532,Elementary,29.867514,-95.064596,85,10
101919044,DUEITT MIDDLE,1 EAGLE CROSSING,SPRING,77373,Middle,30.046641,-95.353179,55,7
101902124,DUNN ELEMENTARY,2003 W W THORNE DR,HOUSTON,77073,Elementary,30.000854,-95.397016,85,6
101912115,DURHAM ELEMENTARY,4803 BRINKMAN ST,HOUSTON,77018,Elementary,29.835909,-95.418048,75,5
101912144,DURKEE ELEMENTARY,7301 NORDLING,HOUSTON,77076,Elementary,29.866584,-95.392347,75,5
101907142,DURYEA ELEMENTARY,20150 ARBOR CREEK DR,KATY,77449,Elementary,29.874496,-95.719819,85,1
101913121,EAGLE SPRINGS ELEMENTARY,12500 WILL CLAYTON PKWY,HUMBLE,77346,Elementary,29.977878,-95.185116,85,8
101917141,EARNESTEEN MILSTEAD MIDDLE,338 GILPIN,HOUSTON,77034,Elementary,29.642863,-95.221774,85,9
101920103,EDGEWOOD ELEMENTARY,8757 KEMPWOOD DR,HOUSTON,77080,Elementary,29.821026,-95.507856,85,15
101912046,EDISON MIDDLE,6901 AVE I,HOUSTON,77011,Middle,29.743564,-95.30891,55,5
101914114,EDNA MAE FIELDER ELEMENTARY,2100 GREENWAY VILLAGE DR,KATY,77494,Elementary,29.751041,-95.770688,95,12
101919050,EDWARD ROBERSON MIDDLE,1500 SOUTHRIDGE,HOUSTON,77090,Middle,29.687974,-95.327181,95,7
101919043,EDWIN M WELLS MIDDLE,4033 GLADERIDGE DR,HOUSTON,77068,Middle,29.997477,-95.500003,55,7
101915110,EHRHARDT ELEMENTARY,6603 ROSEBROOK LN,KLEIN,77379,Elementary,30.038618,-95.523792,85,13
101915118,EILAND ELEMENTARY,6700 N KLEIN CIR DR,HOUSTON,77088,Elementary,29.8921,-95.491757,85,13
101902004,EISENHOWER HIGH,7922 ANTOINE DR,HOUSTON,77088,High,29.882143,-95.470785,75,6
101912147,ELIOT ELEMENTARY,6411 LAREDO ST,HOUSTON,77020,Elementary,29.781173,-95.306309,95,5
101913107,ELM GROVE ELEMENTARY,2815 CLEAR RDG DR,KINGWOOD,77339,Elementary,30.073498,-95.197861,85,8
101912475,ELMORE ELEMENTARY,8200 TATE ST,HOUSTON,77028,Elementary,29.808875,-95.274926,75,5
101912148,ELROD ELEMENTARY,6230 DUMFRIES DR,HOUSTON,77096,Elementary,29.671765,-95.501617,95,5
101903002,ELSIK HIGH,12601 HIGH STAR,HOUSTON,77072,High,29.709022,-95.600404,75,4
101912149,EMERSON ELEMENTARY,9533 SKYLINE DR,HOUSTON,77063,Elementary,29.726051,-95.533877,75,5
101907154,EMERY ELEMENTARY,19636 PLANTATION MYRTLES DR,KATY,77449,Elementary,29.859871,-95.714535,85,1
101907120,EMMOTT ELEMENTARY,11750 STEEPLEWAY BLVD,HOUSTON,77065,Elementary,29.926556,-95.603242,75,1
101912468,ENERGY INSTITUTE HIGH,3501 SOUTHMORE BLVD,HOUSTON,77004,High,29.715206,-95.358638,85,5
101915105,EPPS ISLAND ELEMENTARY,7403 SMILING WOOD LN,HOUSTON,77086,Elementary,29.91528,-95.498906,75,13
101902121,ERMEL ELEMENTARY,7103 WOODSMAN TRL,HOUSTON,77040,Elementary,29.88462,-95.495786,85,6
101908108,FAIRMONT ELEMENTARY,4315 HEATHFIELD,PASADENA,77505,Elementary,29.645068,-95.136992,95,14
101908044,FAIRMONT JUNIOR HIGH ,4911 HOLLY BAY CT,PASADENA,77505,Middle,29.637541,-95.130673,85,14
101913124,FALL CREEK ELEMENTARY,14435 MESA RD,HUMBLE,77396,Elementary,29.944166,-95.258689,85,8
101907135,FARNEY ELEMENTARY,14425 BARKER CYPRESS,HOUSTON,77429,Elementary,29.986247,-95.676185,95,1
101912152,FIELD ELEMENTARY,703 E 17TH ST,HOUSTON,77008,Elementary,29.801808,-95.388755,95,5
101907124,FIEST ELEMENTARY,8425 PINE FALLS,HOUSTON,77095,Elementary,29.901549,-95.645278,85,1
101917102,FISHER ELEMENTARY,2920 WATTERS RD,PASADENA,77502,Elementary,29.669297,-95.180686,75,9
101912078,FLEMING MIDDLE,4910 COLLINGSWORTH ST,HOUSTON,77026,Middle,29.793516,-95.320921,55,5
101912271,FOERSTER ELEMENTARY,14200 FONMEADOW DR,HOUSTON,77035,Elementary,29.639839,-95.498251,75,5
101912153,FONDREN ELEMENTARY,12405 CARLSBAD ST,HOUSTON,77085,Elementary,29.62832,-95.497815,75,5
101912072,FONDREN MIDDLE,6333 S BRAESWOOD,HOUSTON,77096,Middle,29.675318,-95.504558,65,5
101912047,FONVILLE MIDDLE,725 E LITTLE YORK RD,HOUSTON,77076,Middle,29.870935,-95.389596,65,5
101912476,FOREST BROOK MIDDLE,7525 TIDWELL RD,HOUSTON,77016,Middle,29.848721,-95.294814,75,5
101912154,FOSTER ELEMENTARY,3919 WARD ST,HOUSTON,77021,Elementary,29.692529,-95.359842,95,5
101913104,FOSTER ELEMENTARY,1800 TRAILWOOD VILLAGE DR,KINGWOOD,77339,Elementary,30.042599,-95.223589,75,8
101902105,FRANCIS ELEMENTARY,6525 GREENS RD,HUMBLE,77396,Elementary,29.952341,-95.290038,75,6
101907112,FRANCONE ELEMENTARY,11250 PERRY RD,HOUSTON,77064,Elementary,29.932529,-95.565735,75,1
101915125,FRANK ELEMENTARY,9225 CRESCENT CLOVER DR,KLEIN,77379,Elementary,30.059914,-95.568846,95,13
101912155,FRANKLIN ELEMENTARY,7101 CANAL ST,HOUSTON,77011,Elementary,29.739237,-95.297001,65,5
101914126,FRANZ ELEMENTARY,2751 N WESTGREEN BLVD,KATY,77449,Elementary,29.785807,-95.735603,85,12
101917127,FRAZIER ELEMENTARY,10503 HUGHES RD,HOUSTON,77089,Elementary,29.588908,-95.227262,85,9
101907117,FRAZIER ELEMENTARY,8300 LITTLE RIVER RD,HOUSTON,77064,Elementary,29.90224,-95.519509,75,1
101914137,FRED AND PATTI SHAFER ELEMENTARY,5150 RANCH POINT DR,KATY,77494,Elementary,29.716146,-95.843293,95,12
101917147,FRED ROBERTS MIDDLE,13402CONKLIN LN,HOUSTON,77503,Elementary,29.612301,-95.19277,85,9
101917103,FREEMAN ELEMENTARY,2323 THETA ST,HOUSTON,77034,Elementary,29.646175,-95.231668,75,9
101915131,FRENCH ELEMENTARY,5802 W RAYFORD RD,SPRING,77389,Elementary,30.124168,-95.509198,85,13
101912156,FROST ELEMENTARY,5002 ALMEDA-GENOA RD,HOUSTON,77048,Elementary,29.620817,-95.337496,85,5
101920104,FROSTWOOD ELEMENTARY,12214 MEMORIAL DR,HOUSTON,77024,Elementary,29.764685,-95.54311,95,15
101912004,FURR HIGH,520 MERCURY,HOUSTON,77013,High,29.778816,-95.249269,75,5
101910104,GALENA PARK ELEMENTARY,401 N MAIN,GALENA PARK,77547,Elementary,29.735013,-95.239598,85,18
101910002,GALENA PARK HIGH,1000 KEENE,GALENA PARK,77547,High,29.739472,-95.237263,85,18
101910041,GALENA PARK MIDDLE,400 KEENE,GALENA PARK,77547,Middle,29.735327,-95.236881,85,18
101912291,GALLEGOS ELEMENTARY,7415 HARRISBURG BLVD,HOUSTON,77011,Elementary,29.733195,-95.293779,65,5
101912283,GARCIA ELEMENTARY,9550 ALDINE WESTFIELD RD,HOUSTON,77093,Elementary,29.849203,-95.348416,65,5
101912157,GARDEN OAKS MONTESSORI ELEMENTARY,901 SUE BARNETT DR,HOUSTON,77018,Elementary,29.822766,-95.41385,75,5
101912157,GARDEN OAKS MONTESSORI MIDDLE,901 SUE BARNETT DR,HOUSTON,77018,Middle,29.822766,-95.41385,75,5
101912158,GARDEN VILLAS ELEMENTARY,7185 SANTA FE,HOUSTON,77061,Elementary,29.660536,-95.305033,85,5
101917104,GARDENS ELEMENTARY,1105 E HARRIS,PASADENA,77506,Elementary,29.698314,-95.198862,75,9
101917105,GARFIELD ELEMENTARY,10301 HARTSOOK ST,HOUSTON,77034,Elementary,29.636139,-95.232013,65,9
101914047,GARLAND MCMEANS JUNIOR HIGH ,21001 WESTHEIMER PKWY,KATY,77450,Middle,29.734593,-95.760992,95,12
101924111,GARRETT ELEMENTARY,12017 GARRETT RD,HOUSTON,77044,Elementary,29.883047,-95.220448,55,16
101917106,GENOA ELEMENTARY,12900 ALMEDA GENOA RD,HOUSTON,77034,Elementary,29.622676,-95.20205,75,9
101911046,GENTRY JUNIOR HIGH ,1919 E ARCHER RD,BAYTOWN,77521,Middle,29.791707,-94.938213,85,3
101919121,GINGER MCNABB ELEMENTARY,743 E CYPRESSWOOD DR,SPRING,77373,Elementary,30.059242,-95.42028,95,7
101919121,GINGER MCNABB MIDDLE,743 E CYPRESSWOOD DR,SPRING,77373,Middle,30.059242,-95.42028,95,7
101907136,GLEASON ELEMENTARY,9203 WILLOWBRIDGE PARK BLVD,HOUSTON,77064,Elementary,29.902408,-95.557394,85,1
101919128,GLORIA MARSHALL ELEMENTARY,24505 BIRNAMWOOD DR,SPRING,77373,Elementary,30.061094,-95.377836,75,7
101917107,GOLDEN ACRES ELEMENTARY,5232 SYCAMORE,PASADENA,77503,Elementary,29.670405,-95.162105,75,9
101912159,GOLFCREST ELEMENTARY,7414 FAIRWAY DR,HOUSTON,77087,Elementary,29.688652,-95.295393,75,5
101902106,GOODMAN ELEMENTARY,9325 DEER TRL DR,HOUSTON,77088,Elementary,29.897179,-95.424038,75,6
101907052,GOODSON MIDDLE,17333 HUFFMEISTER,CYPRESS,77429,Middle,29.993519,-95.679801,95,1
101911015,GOOSE CREEK MEMORIAL HIGH,6001 E WALLISVILLE RD,BAYTOWN,77521,High,29.823304,-94.973401,85,3
101902048,GRANTHAM ACADEMY MIDDLE,13300 CHRISMAN RD,HOUSTON,77039,Middle,29.906888,-95.362218,75,6
101902125,GRAY ELEMENTARY,700 W RD,HOUSTON,77038,Elementary,29.918595,-95.441194,85,6
101910105,GREEN VALLEY ELEMENTARY,13350 WOODFOREST BLVD,HOUSTON,77015,Elementary,29.791964,-95.188035,75,18
101902135,GREENSPOINT ELEMENTARY,18020 CHISOLM TRAIL,HOUSTON,77060,Elementary,29.934695,-95.394872,75,6
101913109,GREENTREE ELEMENTARY,3502 BROOKSHADOW DR,KINGWOOD,77345,Elementary,30.062022,-95.185106,85,8
101915104,GREENWOOD FOREST ELEMENTARY,12100 MISTY VLY,HOUSTON,77066,Elementary,29.968851,-95.503138,75,13
101912162,GREGG ELEMENTARY,6701 ROXBURY,HOUSTON,77087,Elementary,29.67238,-95.309958,75,5
101912058,GREGORY-LINCOLN EDUCATIONAL CENTER ELEMENTARY,1101 TAFT,HOUSTON,77019,Elementary,29.756187,-95.384952,65,5
101912058,GREGORY-LINCOLN EDUCATIONAL CENTER MIDDLE,1101 TAFT,HOUSTON,77019,Middle,29.756187,-95.384952,65,5
101914127,GRIFFIN ELEMENTARY,7800 S FRY RD,KATY,77494,Elementary,29.721653,-95.785535,95,12
101912262,GRISSOM ELEMENTARY,4900 SIMSBROOK DR,HOUSTON,77045,Elementary,29.620678,-95.455707,75,5
101912369,GROSS ELEMENTARY,12583 S GESSNER DR,HOUSTON,77071,Elementary,29.638319,-95.527866,65,5
101913128,GROVES ELEMENTARY,11902 MADERA RUN PKWY,HUMBLE,77346,Elementary,29.994499,-95.177499,75,8
101924109,H M CARROLL ELEMENTARY,10210 C E KING PKWY,HOUSTON,77044,Elementary,29.906619,-95.180595,75,16
101907128,HAIRGROVE ELEMENTARY,7120 N ELDRIDGE PKWY,HOUSTON,77041,Elementary,29.876221,-95.608261,95,1
101902043,HAMBRICK MIDDLE,4600 ALDINE MAIL RT,HOUSTON,77039,Middle,29.901728,-95.324967,65,6
101907126,HAMILTON ELEMENTARY,12050 KLUGE,CYPRESS,77429,Elementary,29.988261,-95.617569,95,1
101907049,HAMILTON MIDDLE,12330 KLUGE RD,CYPRESS,77429,Middle,29.985236,-95.621775,95,1
101912049,HAMILTON MIDDLE,139 E 20TH ST,HOUSTON,77008,Middle,29.8055,-95.398442,85,5
101907108,HANCOCK ELEMENTARY,13801 SCHROEDER RD,HOUSTON,77070,Elementary,29.976649,-95.556392,85,1
101925001,HARGRAVE HIGH,25400 WILLY LN,HUFFMAN,77336,High,30.042896,-95.060955,85,19
101911107,HARLEM ELEMENTARY,3333 INTERSTATE 10 E,BAYTOWN,77521,Elementary,29.801836,-95.010985,85,3
101902129,HARRIS ELEMENTARY,3130 HOLDER FOREST DR,HOUSTON,77088,Elementary,29.867979,-95.454225,75,6
101912166,HARRIS J R ELEMENTARY,801 BROADWAY ST,HOUSTON,77012,Elementary,29.718783,-95.277621,75,5
101912167,HARRIS R P ELEMENTARY,1262 MAE DR,HOUSTON,77015,Elementary,29.768891,-95.221622,75,5
101912051,HARTMAN MIDDLE,7111 WESTOVER,HOUSTON,77087,Middle,29.673542,-95.302155,75,5
101912168,HARTSFIELD ELEMENTARY,5001 PERRY ST,HOUSTON,77021,Elementary,29.69447,-95.344239,65,5
101912169,HARVARD ELEMENTARY,810 HARVARD ST,HOUSTON,77007,Elementary,29.786109,-95.395994,95,5
101905106,HARVEY S BROWN ELEMENTARY,16550 WALLISVILLE RD,HOUSTON,77049,Elementary,29.816151,-95.135889,75,2
101915120,HASSLER ELEMENTARY,9325 LOCHLEA RDG DR,KLEIN,77379,Elementary,30.040876,-95.528919,95,13
101903001,HASTINGS HIGH,4410 COOK RD,HOUSTON,77072,High,29.709835,-95.596433,75,4
101915103,HAUDE ELEMENTARY,3111 LOUETTA,SPRING,77388,Elementary,30.051955,-95.460982,85,13
101914112,HAZEL S PATTISON ELEMENTARY,19910 STONELODGE,KATY,77450,Elementary,29.756026,-95.715025,95,12
101903115,HEARNE ELEMENTARY,13939 RIO BONITO,HOUSTON,77083,Elementary,29.707556,-95.633987,75,4
101903111,HEFLIN ELEMENTARY,3303 SYNOTT RD,HOUSTON,77082,Elementary,29.722833,-95.61865,75,4
101912012,HEIGHTS HIGH,413 E 13TH ST,HOUSTON,77008,High,29.794586,-95.394163,85,5
101919127,HELEN MAJOR ELEMENTARY,16855 SUGAR PINE DR,HOUSTON,77090,Elementary,30.004463,-95.457396,55,7
101919127,HELEN MAJOR MIDDLE,16855 SUGAR PINE DR,HOUSTON,77090,Middle,30.004463,-95.457396,55,7
101912170,HELMS ELEMENTARY,503 W 21ST ST,HOUSTON,77008,Elementary,29.805021,-95.405964,85,5
101907151,HEMMENWAY ELEMENTARY,20400 W LITTLE YORK,KATY,77449,Elementary,29.837562,-95.733756,75,1
101912171,HENDERSON J ELEMENTARY,1800 DISMUKE,HOUSTON,77023,Elementary,29.72323,-95.321189,85,5
101912172,HENDERSON N ELEMENTARY,701 SOLO ST,HOUSTON,77020,Elementary,29.768692,-95.32129,85,5
101912052,HENRY MIDDLE,10702 E HARDY,HOUSTON,77093,Middle,29.868924,-95.362884,65,5
101916102,HERITAGE ELEMENTARY,4301 E BLVD,DEER PARK,77536,Elementary,29.687972,-95.116749,85,11
101919115,HERITAGE ELEMENTARY,12255 T C JESTER BLVD,HOUSTON,77067,Elementary,29.8735,-95.062134,85,7
101912173,HEROD ELEMENTARY,5627 JASON ST,HOUSTON,77096,Elementary,29.683009,-95.488171,95,5
101912286,HERRERA ELEMENTARY,525 BENNINGTON ST,HOUSTON,77022,Elementary,29.822933,-95.366603,95,5
101903120,HICKS ELEMENTARY,8520 HEMLOCK HILL DR,HOUSTON,77083,Elementary,29.68707,-95.627846,75,4
101913114,HIDDEN HOLLOW ELEMENTARY,4104 APPALACHIAN TRL,KINGWOOD,77345,Elementary,30.073273,-95.182758,85,8
101912034,HIGH SCHOOL FOR LAW AND JUSTICE,3503 COYLE,HOUSTON,77003,High,29.737778,-95.347227,95,5
101911108,HIGHLANDS ELEMENTARY,200 E WALLISVILLE RD,HIGHLANDS,77562,Elementary,29.820379,-95.054208,65,3
101911044,HIGHLANDS JUNIOR HIGH ,1212 E WALLISVILLE RD,HIGHLANDS,77562,Middle,29.819354,-95.039458,85,3
101915042,HILDEBRANDT INTERMEDIATE,22800 HILDEBRANDT RD,SPRING,77389,Middle,30.098524,-95.525822,75,13
101912473,HILLIARD ELEMENTARY,8115 E HOUSTON RD,HOUSTON,77028,Elementary,29.838682,-95.268211,65,5
101912395,HINES-CALDWELL ELEMENTARY,5515 W OREM,HOUSTON,77085,Elementary,29.626709,-95.466956,85,5
101912175,HOBBY ELEMENTARY,4021 WOODMONT DR,HOUSTON,77045,Elementary,29.634763,-95.43747,65,5
101902046,HOFFMAN MIDDLE,6101 W LITTLE YORK RD,HOUSTON,77091,Middle,29.865807,-95.480376,75,6
101912053,HOGG MIDDLE,1100 MERRILL ST,HOUSTON,77009,Middle,29.789769,-95.38544,85,5
101907106,HOLBROOK ELEMENTARY,6402 LANGFIELD RD,HOUSTON,77092,Elementary,29.856813,-95.498458,85,1
101912050,HOLLAND MIDDLE,1600 GELLHORN,HOUSTON,77029,Middle,29.762927,-95.273979,75,5
101920105,HOLLIBROOK ELEMENTARY,3602 HOLLISTER,HOUSTON,77080,Elementary,29.826706,-95.5075,85,15
101903124,HOLMQUIST ELEMENTARY,15040 WESTPARK DR,HOUSTON,77082,Elementary,29.718385,-95.657613,75,4
101907121,HOLMSLEY ELEMENTARY,7315 HUDSON OAKS DR,HOUSTON,77095,Elementary,29.886441,-95.678249,85,1
101903044,HOLUB MIDDLE,9515 S DAIRY ASHFORD,HOUSTON,77099,Middle,29.673331,-95.603158,85,4
101907055,HOPPER MIDDLE,7811 FRY RD,CYPRESS,77433,Middle,29.940151,-95.720544,85,1
101911045,HORACE MANN JUNIOR HIGH ,310 S HWY 146,BAYTOWN,77520,Middle,29.724127,-94.957136,75,3
101912178,HORN ELEMENTARY,4530 HOLLY ST,BELLAIRE,77401,Elementary,29.693305,-95.452228,95,5
101903123,HORN ELEMENTARY,10734 BISSONETT,HOUSTON,77099,Elementary,29.675631,-95.566957,75,4
101907113,HORNE ELEMENTARY,14950 W LITTLE YORK RD,HOUSTON,77084,Elementary,29.866994,-95.632217,85,1
101920106,HOUSMAN ELEMENTARY,6705 HOUSMAN ST,HOUSTON,77055,Elementary,29.800222,-95.470013,65,15
101902062,HOUSTON ACADEMY ELEMENTARY,8103 CARVER RD,HOUSTON,77088,Elementary,29.874661,-95.447997,85,6
101912310,HOUSTON MATH SCIENCE AND TECHNOLOG HIGH,9400 IRVINGTON,HOUSTON,77076,High,29.848762,-95.36128,75,5
101919125,HOYLAND ELEMENTARY,2200 WITTERSHAW DR,HOUSTON,77090,Elementary,29.979993,-95.433712,65,7
101919125,HOYLAND MIDDLE,2200 WITTERSHAW DR,HOUSTON,77090,Middle,29.979993,-95.433712,65,7
101925103,HUFFMAN ELEMENTARY,24403 E LAKE HOUSTON PKWY,HUFFMAN,77336,Elementary,30.026196,-95.114013,75,19
101925041,HUFFMAN MIDDLE,3407 HUFFMAN EASTGATE RD,HUFFMAN,77336,Middle,30.038484,-95.080119,75,19
101913101,HUMBLE ELEMENTARY,20252 FIELDTREE DR,HUMBLE,77338,Elementary,30.011958,-95.27284,85,8
101913001,HUMBLE HIGH,1700 WILSON RD,HUMBLE,77338,High,29.982961,-95.244342,75,8
101913041,HUMBLE MIDDLE,11207 WILL CLAYTON,HUMBLE,77346,Middle,29.98007,-95.211271,65,8
101920107,HUNTERS CREEK ELEMENTARY,10650 BEINHORN,HOUSTON,77024,Elementary,29.778366,-95.497087,95,15
101911016,IMPACT EARLY COLLEGE HIGH,200 LEE DR,BAYTOWN,77520,High,29.729301,-94.977744,95,3
101912180,ISAACS ELEMENTARY,3830 PICKFAIR ST,HOUSTON,77026,Elementary,29.794943,-95.317968,55,5
101910106,JACINTO CITY ELEMENTARY,10910 WIGGINS,HOUSTON,77029,Elementary,29.765528,-95.23636,95,18
101914125,JACK & SHARON RHOADS ELEMENTARY,19711 CLAY RD,KATY,77449,Elementary,29.829649,-95.716834,85,12
101913117,JACK M FIELDS SR ELEMENTARY,2505 S HOUSTON AVE,HUMBLE,77396,Elementary,29.96802,-95.26112,55,8
101917042,JACKSON INTERMEDIATE,1020 E THOMAS,PASADENA,77506,Middle,29.700557,-95.199988,85,9
101910113,JAMES B HAVARD ELEMENTARY,15150 WALLISVILLE RD,HOUSTON,77049,Elementary,29.808069,-95.165482,75,18
101911103,JAMES BOWIE ELEMENTARY,2200 CLAYTON DR,BAYTOWN,77520,Elementary,29.744758,-94.944824,75,3
101914139,JAMES E RANDOLPH ELEMENTARY,5303 FLEWELLEN OAKS LN,FULSHEAR,77441,Elementary,29.711064,-95.847508,95,12
101914118,JAMES E WILLIAMS ELEMENTARY,3900 S PEEK RD,KATY,77450,Elementary,29.731264,-95.765085,95,12
101916042,JAMES H BAKER SIXTH GRADE CAMPUS MIDDLE,9800 SPENCER HWY,LA PORTE,77571,Middle,29.664248,-95.084755,75,11
101912181,JANOWSKI ELEMENTARY,7500 BAUMAN RD,HOUSTON,77022,Elementary,29.829237,-95.371428,75,5
101914121,JEAN & BETTY SCHMALZ ELEMENTARY,18605 GREEN LAND WAY,HOUSTON,77084,Elementary,29.820308,-95.690262,85,12
101914115,JEANETTE HAYES ELEMENTARY,21203 PARK TIMBERS,KATY,77450,Elementary,29.754738,-95.73527,95,12
101912182,JEFFERSON ELEMENTARY,5000 SHARMAN ST,HOUSTON,77009,Elementary,29.804875,-95.370549,85,5
101914140,JENKS ELEMENTARY,27602 WESTRIDGE CREEK LN,KATY,77494,Elementary,29.741553,-95.846592,95,12
101916101,JENNIE REID ELEMENTARY,10001 W FAIRMONT PKWY,LA PORTE,77571,Elementary,29.652629,-95.081366,85,11
101917125,JENSEN ELEMENTARY,3514 TULIP,PASADENA,77504,Elementary,29.659629,-95.175849,85,9
101907003,JERSEY VILLAGE HIGH,7600 SOLOMON ST,HOUSTON,77040,High,29.880843,-95.556137,85,1
101917109,JESSUP ELEMENTARY,9301 ALMEDA GENOA RD,HOUSTON,77075,Elementary,29.628626,-95.251503,75,9
101919110,JOAN LINK ELEMENTARY,2815 RIDGE HOLLOW DR,HOUSTON,77067,Elementary,29.954906,-95.463392,85,7
101914124,JOELLA EXLEY ELEMENTARY,21800 WESTHEIMER PKWY,KATY,77494,Elementary,29.735574,-95.750242,95,12
101919104,JOHN WINSHIP ELEMENTARY,2175 SPRING CREEK DR,SPRING,77373,Elementary,30.069727,-95.401847,75,7
101902116,JOHNSON ELEMENTARY,13901 HOMESTEAD RD,HUMBLE,77396,Elementary,29.919524,-95.301494,75,6
101902134,JONES ELEMENTARY,7903 FOREST POINT DR,HUMBLE,77338,Elementary,30.013661,-95.30436,75,6
101912006,JONES FUTURES ACADEMY HIGH,7414 ST LO RD,HOUSTON,77033,High,29.674707,-95.340741,95,5
101907122,JOWELL ELEMENTARY,6355 GREENHOUSE RD,KATY,77449,Elementary,29.867499,-95.705916,85,1
101908107,JP DABBS ELEMENTARY,302 E LAMBUTH,DEER PARK,77536,Elementary,29.669026,-95.122972,85,14
101907053,KAHLA MIDDLE,16212 W LITTLE YORK,HOUSTON,77084,Middle,29.86779,-95.662116,85,1
101915108,KAISER ELEMENTARY,13430 BAMMEL-N HOUSTON RD,HOUSTON,77066,Elementary,29.971548,-95.493517,75,13
101912185,KASHMERE GARDENS ELEMENTARY,4901 LOCKWOOD DR,HOUSTON,77026,Elementary,29.805213,-95.31809,75,5
101912007,KASHMERE HIGH,6900 WILEYVALE ST,HOUSTON,77028,High,29.822677,-95.315208,75,5
101914102,KATY ELEMENTARY,5726 GEORGE BUSH AVE,KATY,77493,Elementary,29.79138,-95.822454,95,12
101914001,KATY HIGH,6331 HWY BLVD,KATY,77494,High,29.74063,-95.829571,85,12
101914041,KATY JUNIOR HIGH ,5350 FRANZ RD,KATY,77493,Middle,29.80346,-95.810098,85,12
101914138,KEIKO DAVIDSON ELEMENTARY,26906 PINE MILL RANCH DR,KATY,77494,Elementary,29.726839,-95.83563,95,12
101907143,KEITH ELEMENTARY,20550 FAIRFIELD GREEN,CYPRESS,77433,Elementary,30.008007,-95.745308,95,1
101917144,KELLER MIDDLE,3102 SAN AUGUSTINE,PASADENA,77503,Elementary,29.687236,-95.166884,85,9
101912187,KELSO ELEMENTARY,5800 SOUTHMUND ST,HOUSTON,77033,Elementary,29.681955,-95.333747,75,5
101903107,KENNEDY ELEMENTARY,10200 HUNTINGTON PL DR,HOUSTON,77099,Elementary,29.669137,-95.602849,75,4
101912188,KENNEDY ELEMENTARY,400 VICTORIA DR,HOUSTON,77022,Elementary,29.835562,-95.39456,75,5
101903006,KERR HIGH,8150 SUGARLAND HOWELL,HOUSTON,77083,High,29.691595,-95.634612,95,4
101912389,KETELSEN ELEMENTARY,600 QUITMAN,HOUSTON,77009,Elementary,29.78062,-95.363853,95,5
101912079,KEY MIDDLE,4000 KELLEY ST,HOUSTON,77026,Middle,29.811803,-95.331369,55,5
101903043,KILLOUGH MIDDLE,7600 SYNOTT RD,HOUSTON,77083,Middle,29.695264,-95.61455,85,4
101912025,KINDER HIGH FOR PERFORMING AND VISU,790 AUSTIN ST,HOUSTON,77002,High,29.756998,-95.360434,95,5
101913002,KINGWOOD HIGH,2701 KINGWOOD DR,KINGWOOD,77339,High,30.044323,-95.194597,95,8
101913042,KINGWOOD MIDDLE,2407 PINE TERRACE,KINGWOOD,77339,Middle,30.05505,-95.210522,85,8
101913013,KINGWOOD PARK HIGH,4015 WOODLAND HILLS DR,KINGWOOD,77339,High,30.072048,-95.213481,85,8
101907134,KIRK ELEMENTARY,12421 TANNER RD,HOUSTON,77041,Elementary,29.850854,-95.600078,85,1
101915045,KLEB INTERMEDIATE,7425 LOUETTA RD,KLEIN,77379,Middle,30.019665,-95.525956,85,13
101915004,KLEIN COLLINS HIGH,20811 ELLA BLVD,SPRING,77388,High,30.06677,-95.476559,85,13
101915002,KLEIN FOREST HIGH,11400 MISTY VLY,HOUSTON,77066,High,29.966919,-95.499923,75,13
101915001,KLEIN HIGH,16715 STUEBNER-AIRLINE RD,KLEIN,77379,High,30.017457,-95.522399,85,13
101915041,KLEIN INTERMEDIATE,4710 W MOUNT HOUSTON,HOUSTON,77088,Middle,29.894504,-95.467426,75,13
101915003,KLEIN OAK HIGH,22603 NORTHCREST DR,SPRING,77389,High,30.097786,-95.522208,85,13
101915117,KLENK ELEMENTARY,6111 BOURGEOIS RD,HOUSTON,77066,Elementary,29.95657,-95.506321,75,13
101903141,KLENTZMAN INTERMEDIATE,11100 STANCLIFF,HOUSTON,77099,Elementary,29.662274,-95.575262,75,4
101915101,KOHRVILLE ELEMENTARY,11600 WOODLAND SHORE DR,TOMBALL,77375,Elementary,30.046529,-95.592432,85,13
101912189,KOLTER ELEMENTARY,9710 RUNNYMEADE DR,HOUSTON,77096,Elementary,29.674821,-95.467875,95,5
101915113,KRAHN ELEMENTARY,9502 EDAY,KLEIN,77379,Elementary,30.013776,-95.559649,85,13
101915121,KREINHOP ELEMENTARY,21010 ELLA BLVD,SPRING,77388,Elementary,30.038799,-95.466933,85,13
101915048,KRIMMEL INTERMEDIATE,7070 FM 2920,KLEIN,77379,Middle,30.0823,-95.531137,85,13
101917110,KRUSE ELEMENTARY,400 PARK LN,PASADENA,77506,Elementary,29.707078,-95.203409,75,9
101915115,KUEHNLE ELEMENTARY,5510 WINDING RDG DR,KLEIN,77379,Elementary,30.039613,-95.504892,85,13
101902130,KUJAWA ELEMENTARY,7007 FALLBROOK DR,HOUSTON,77086,Elementary,29.923454,-95.493169,75,6
101924104,L E MONAHAN ELEMENTARY,8901 DEEP VALLEY DR,HOUSTON,77044,Elementary,29.855384,-95.203641,65,16
101917116,L F SMITH ELEMENTARY,1401 AVE A,SO HOUSTON,77587,Elementary,29.662579,-95.229511,75,9
101916103,LA PORTE ELEMENTARY,725 S BROADWAY,LA PORTE,77571,Elementary,29.643651,-95.018672,95,11
101916001,LA PORTE HIGH,301 E FAIRMONT PKWY,LA PORTE,77571,High,29.652345,-95.016844,85,11
101916041,LA PORTE JUNIOR HIGH ,401 S BROADWAY,LA PORTE,77571,Middle,29.660255,-95.019321,75,11
101907046,LABAY MIDDLE,15435 WILLOW RIVER DR,HOUSTON,77095,Middle,29.895902,-95.642401,95,1
101913102,LAKELAND ELEMENTARY,1500 MONTGOMERY LN,HUMBLE,77338,Elementary,29.990039,-95.2527,65,8
101913125,LAKESHORE ELEMENTARY,13333 BREAKWATER PATH LN,HOUSTON,77044,Elementary,29.962865,-95.170419,75,8
101921103,LAKEWOOD ELEMENTARY,15614 GETTYSBURG,TOMBALL,77377,Elementary,30.000889,-95.599759,95,17
101911111,LAMAR ELEMENTARY,816 N PRUETT ST,BAYTOWN,77520,Elementary,29.73967,-94.969599,75,3
101912008,LAMAR HIGH,3325 WESTHEIMER RD,HOUSTON,77098,High,29.739837,-95.426633,85,5
101907103,LAMKIN ELEMENTARY,11521 TELGE RD,CYPRESS,77429,Elementary,29.943776,-95.649009,85,1
101903116,LANDIS ELEMENTARY,10255 SPICE LN,HOUSTON,77072,Elementary,29.685832,-95.561902,65,4
101920041,LANDRUM MIDDLE,2200 RIDGECREST,HOUSTON,77055,Middle,29.813841,-95.49213,75,15
101907005,LANGHAM CREEK HIGH,17610 FM 529,HOUSTON,77095,High,29.884396,-95.676344,95,1
101912192,LANTRIP ELEMENTARY,100 TELEPHONE RD,HOUSTON,77023,Elementary,29.741386,-95.335632,75,5
101917137,LAURA WELCH BUSH ELEMENTARY,9100 BLACKHAWK,HOUSTON,77075,Elementary,29.624245,-95.247926,85,9
101912263,LAW ELEMENTARY,12401 S COAST DR,HOUSTON,77047,Elementary,29.627648,-95.363926,75,5
101912075,LAWSON MIDDLE,14000 STANCLIFF ST,HOUSTON,77045,Middle,29.622096,-95.452838,75,5
101907144,LEE ELEMENTARY,12900 W LITTLE YORK RD,HOUSTON,77041,Elementary,29.864334,-95.602618,85,1
101911002,LEE HIGH,1809 MARKET ST,BAYTOWN,77520,High,29.72956,-94.984373,85,3
101915111,LEMM ELEMENTARY,19034 JOANLEIGH DR,SPRING,77388,Elementary,30.040273,-95.437878,75,13
101916107,LEO A RIZZUTO ELEMENTARY,3201 N FARRINGTON BLVD,LA PORTE,77571,Elementary,29.663153,-95.069664,95,11
101912194,LEWIS ELEMENTARY,6745 TIPPERARY,HOUSTON,77061,Elementary,29.664782,-95.283097,75,5
101902052,LEWIS MIDDLE,21255 W HARDY RD,HOUSTON,77073,Middle,30.022294,-95.403069,65,6
101907111,LIEDER ELEMENTARY,17003 KIETH HARROW BLVD,HOUSTON,77084,Elementary,29.848862,-95.662446,85,1
101903109,LIESTMAN ELEMENTARY,7610 SYNOTT RD,HOUSTON,77083,Elementary,29.694155,-95.617244,75,4
101912195,LOCKHART ELEMENTARY,3200 ROSEDALE ST,HOUSTON,77004,Elementary,29.717449,-95.366552,75,5
101916106,LOMAX ELEMENTARY,10615 N AVNEUE L,LA PORTE,77571,Elementary,29.688447,-95.051319,85,11
101916043,LOMAX JUNIOR HIGH ,9801 N AVE L,LA PORTE,77571,Middle,29.680085,-95.063438,75,11
101912059,LONG ACADEMY HIGH,6501 BELLAIRE BLVD,HOUSTON,77074,High,29.704179,-95.499177,85,5
101912059,LONG ACADEMY MIDDLE,6501 BELLAIRE BLVD,HOUSTON,77074,Middle,29.704179,-95.499177,85,5
101912196,LONGFELLOW ELEMENTARY,3617 NORRIS,HOUSTON,77025,Elementary,29.687861,-95.432946,85,5
101912197,LOOSCAN ELEMENTARY,3800 ROBERTSON ST,HOUSTON,77009,Elementary,29.795396,-95.357845,85,5
101914113,LORAINE T GOLBOW ELEMENTARY,3535 LAKES OF BRIDGEWATER DR,KATY,77449,Elementary,29.823495,-95.745144,85,12
101912198,LOVE ELEMENTARY,1120 W 13TH ST,HOUSTON,77008,Elementary,29.792868,-95.408653,75,5
101912199,LOVETT ELEMENTARY,8814 S RICE AVE,HOUSTON,77096,Elementary,29.682798,-95.469424,85,5
101907116,LOWERY ELEMENTARY,15950 RDG PARK DR,HOUSTON,77095,Elementary,29.909215,-95.651234,85,1
101912128,LYONS ELEMENTARY,800 ROXELLA RD,HOUSTON,77076,Elementary,29.856239,-95.3666,85,5
101910107,MACARTHUR ELEMENTARY,1801 N MAIN,GALENA PARK,77547,Elementary,29.744537,-95.239698,85,18
101902003,MACARTHUR HIGH,4400 ALDINE MAIL RT,HOUSTON,77039,High,29.901319,-95.328938,75,6
101912201,MACGREGOR ELEMENTARY,4801 LABRANCH ST,HOUSTON,77004,Elementary,29.724893,-95.363752,75,5
101912203,MADING ELEMENTARY,8511 CRESTMONT ST,HOUSTON,77033,Elementary,29.660097,-95.326843,75,5
101912010,MADISON HIGH,13719 WHITEHEATHER,HOUSTON,77045,High,29.630311,-95.435437,75,5
101917117,MAE SMYTHE ELEMENTARY,2202 PASADENA BLVD,PASADENA,77502,Elementary,29.682007,-95.18093,75,9
101915132,MAHAFFEY ELEMENTARY,10255 MAHAFFEY RD,TOMBALL,77375,Elementary,30.090196,-95.582117,95,13
101903106,MAHANAY ELEMENTARY,13215 HIGH STAR,HOUSTON,77083,Elementary,29.709561,-95.615789,85,4
101912460,MANDARIN IMMERSION MAGNET SCHOOL ELEMENTARY,5445 W ALABAMA,HOUSTON,77056,Elementary,29.737777,-95.473853,95,5
101912460,MANDARIN IMMERSION MAGNET SCHOOL MIDDLE,5445 W ALABAMA,HOUSTON,77056,Middle,29.737777,-95.473853,95,5
101913119,MAPLEBROOK ELEMENTARY,7935 FARMINGHAM RD,HUMBLE,77346,Elementary,29.998904,-95.155655,75,8
101912483,MARK WHITE ELEMENTARY,2515 OLD FARM RD,HOUSTON,77063,Elementary,29.738375,-95.509932,85,5
101912480,MARSHALL ELEMENTARY,6200 WINFIELD RD,HOUSTON,77050,Elementary,29.898188,-95.297551,65,5
101917145,MARSHALL KENDRICK MIDDLE,3001WATTERS RD,PASADENA,77504,Elementary,29.666575,-95.17951,85,9
101912061,MARSHALL MIDDLE,1115 NOBLE ST,HOUSTON,77009,Middle,29.781247,-95.356297,85,5
101903103,MARTIN ELEMENTARY,11718 HENDON,HOUSTON,77072,Elementary,29.691932,-95.584672,75,4
101912289,MARTINEZ C ELEMENTARY,901 HAYS ST,HOUSTON,77009,Elementary,29.659586,-95.220155,55,5
101912298,MARTINEZ R ELEMENTARY,7211 MARKET ST,HOUSTON,77020,Elementary,29.77291,-95.296432,75,5
101903143,MATA INTERMEDIATE,9225 S DAIRY ASHFORD,HOUSTON,77099,Elementary,29.677621,-95.602593,75,4
101917134,MATTHYS ELEMENTARY,1500 MAIN ST,SOUTH HOUSTON,77587,Elementary,29.658806,-95.239409,75,9
101907105,MATZKE ELEMENTARY,13102 JONES RD,HOUSTON,77070,Elementary,29.966809,-95.585049,75,1
101914101,MAURICE L WOLFE ELEMENTARY,502 ADDICKS-HOWELL RD,HOUSTON,77079,Elementary,29.780272,-95.643211,75,12
101914111,MAYDE CREEK ELEMENTARY,2698 GREENHOUSE RD,HOUSTON,77084,Elementary,29.807897,-95.702362,85,12
101914005,MAYDE CREEK HIGH,19202 GROSCHKE RD,HOUSTON,77084,High,29.804488,-95.693174,85,12
101914043,MAYDE CREEK JUNIOR HIGH ,2700 GREENHOUSE RD,HOUSTON,77084,Middle,29.808081,-95.703781,85,12
101915122,MCDOUGLE ELEMENTARY,10410 KANSACK LN,HOUSTON,77086,Elementary,29.929681,-95.501627,85,13
101907150,MCFEE ELEMENTARY,19315 PLANTATION COVE LN,KATY,77449,Elementary,29.855413,-95.709493,85,1
101912179,MCGOWEN ELEMENTARY,6820 HOMESTEAD RD,HOUSTON,77028,Elementary,29.820628,-95.300507,75,5
101917122,MCMASTERS ELEMENTARY,1011 BENNETT DR,PASADENA,77503,Elementary,29.695613,-95.155323,75,9
101905104,MCMULLAN ELEMENTARY,1290 DELL DALE ST,CHANNELVIEW,77530,Elementary,29.797008,-95.140593,85,2
101912227,MCNAMARA ELEMENTARY,8714 MCAVOY DR,HOUSTON,77074,Elementary,29.684717,-95.50423,85,5
101912062,MCREYNOLDS MIDDLE,5910 MARKET ST,HOUSTON,77020,Middle,29.768248,-95.312185,65,5
101914116,MCROBERTS ELEMENTARY,3535 N FRY RD,KATY,77449,Elementary,29.822608,-95.7222,85,12
101917111,MEADOR ELEMENTARY,10701 SEAFORD DR,HOUSTON,77089,Elementary,29.614356,-95.229653,85,9
101920108,MEADOW WOOD ELEMENTARY,14230 MEMORIAL DR,HOUSTON,77079,Elementary,29.770809,-95.595586,85,15
101917140,MELILLO MIDDLE,9220 HUGHES RD,HOUSTON,77089,Elementary,29.58272,-95.248508,85,9
101920109,MEMORIAL DRIVE ELEMENTARY,11202 SMITHDALE,HOUSTON,77024,Elementary,29.770811,-95.51163,95,15
101912204,MEMORIAL ELEMENTARY,6401 ARNOT ST,HOUSTON,77007,Elementary,29.770277,-95.424899,95,5
101920001,MEMORIAL HIGH,935 ECHO LN,HOUSTON,77024,High,29.782751,-95.521405,95,15
101920042,MEMORIAL MIDDLE,12550 VINDON,HOUSTON,77024,Middle,29.777585,-95.55249,95,15
101914104,MEMORIAL PARKWAY ELEMENTARY,21603 PARK TREE LN,KATY,77450,Elementary,29.765468,-95.747655,85,12
101914044,MEMORIAL PARKWAY JUNIOR HIGH ,21203 HIGHLAND KNOLLS,KATY,77450,Middle,29.759598,-95.73682,95,12
101907127,METCALF ELEMENTARY,6100 QUEENSTON,HOUSTON,77084,Elementary,29.863122,-95.668455,85,1
101915123,METZLER ELEMENTARY,8500 W RAYFORD RD,SPRING,77389,Elementary,30.123884,-95.516214,95,13
101919106,MEYER ELEMENTARY,16330 FOREST WAY DR,HOUSTON,77090,Elementary,30.006014,-95.434951,75,7
101919106,MEYER MIDDLE,16330 FOREST WAY DR,HOUSTON,77090,Middle,30.006014,-95.434951,75,7
101912055,MEYERLAND MIDDLE,10410 MANHATTAN DR,HOUSTON,77096,Middle,29.668227,-95.475106,85,5
101924043,MICHAEL R NULL MIDDLE,12117 GARRETT RD,HOUSTON,77044,Middle,29.88308,-95.217137,75,16
101912458,MICKEY LELAND COLLEGE PREP ACADEMY FO HIGH,1700 GREGG ST,HOUSTON,77020,High,29.775746,-95.335746,95,5
101912458,MICKEY LELAND COLLEGE PREP ACADEMY FO MIDDLE,1700 GREGG ST,HOUSTON,77020,Middle,29.775746,-95.335746,95,5
101912011,MILBY HIGH,1601 BROADWAY,HOUSTON,77012,High,29.711314,-95.276904,75,5
101919107,MILDRED JENKINS ELEMENTARY,4615 REYNALDO DR,SPRING,77373,Elementary,30.04374,-95.3588,65,7
101903144,MILLER INTERMEDIATE,15025 WESTPARK,HOUSTON,77082,Elementary,29.717891,-95.654844,95,4
101917048,MILLER INTERMEDIATE,1002 FAIRMONT PKWY,PASADENA,77504,Middle,29.650556,-95.196496,95,9
101907110,MILLSAP ELEMENTARY,12424 HUFFMEISTER RD,CYPRESS,77429,Elementary,29.954476,-95.629927,85,1
101912299,MILNE ELEMENTARY,7800 PORTAL DR,HOUSTON,77071,Elementary,29.661622,-95.51625,75,5
101919120,MILTON COOPER ELEMENTARY,18665 IMPERIAL VLY  DR,HOUSTON,77073,Elementary,29.96842,-95.403355,85,7
101912264,MITCHELL ELEMENTARY,10900 GULFDALE DR,HOUSTON,77075,Elementary,29.606911,-95.276112,75,5
101915116,MITTELSTADT ELEMENTARY,7525 KLEINGREEN LN,KLEIN,77379,Elementary,30.014288,-95.523082,75,13
101912207,MONTGOMERY ELEMENTARY,4000 SIMSBROOK DR,HOUSTON,77045,Elementary,29.620297,-95.436315,75,5
101907115,MOORE ELEMENTARY,13734 LAKEWOOD FOREST DR,HOUSTON,77070,Elementary,29.978159,-95.595877,95,1
101917129,MOORE ELEMENTARY,8880 S BLUFF,HOUSTON,77089,Elementary,29.694895,-95.129166,95,9
101917133,MORALES ELEMENTARY,305 W HARRIS,PASADENA,77506,Elementary,29.696091,-95.214576,85,9
101912359,MORENO ELEMENTARY,620 E CANINO,HOUSTON,77037,Elementary,29.874725,-95.389955,95,5
101917135,MORRIS MIDDLE,10415 FUQUA,HOUSTON,77089,Elementary,29.612468,-95.22929,85,9
101914130,MORTON RANCH ELEMENTARY,2502 MASON RD,KATY,77449,Elementary,29.818245,-95.752121,75,12
101914009,MORTON RANCH HIGH,21000 FRANZ RD,KATY,77449,High,29.806603,-95.744525,85,12
101914049,MORTON RANCH JUNIOR HIGH ,2498 N MASON RD,KATY,77449,Middle,29.818242,-95.752121,85,12
101915126,MUELLER ELEMENTARY,7074 FM 2920,KLEIN,77379,Elementary,30.0823,-95.531137,95,13
101912054,NAVARRO MIDDLE,5100 POLK ST,HOUSTON,77023,Middle,29.735123,-95.326056,65,5
101912394,NEFF ELEMENTARY,8301 NEFF ST,HOUSTON,77036,Elementary,29.701598,-95.530352,75,5
101917146,NELDA SULLIVAN MIDDLE,1112 QUEENS RD,PASADENA,77075,Elementary,29.676477,-95.223503,85,9
101906101,NEWPORT ELEMENTARY,430 N DIAMONDHEAD BLVD,CROSBY,77532,Elementary,29.939577,-95.082068,85,10
101902005,NIMITZ HIGH,2005 W W THORNE DR,HOUSTON,77073,High,30.000861,-95.39696,85,6
101915112,NITSCH ELEMENTARY,4702 W MOUNT HOUSTON,HOUSTON,77088,Elementary,29.894462,-95.467884,75,13
101910114,NORMANDY CROSSING ELEMENTARY,12500 NORMANDY CROSSING DR,HOUSTON,77015,Elementary,29.781982,-95.208632,85,18
101913103,NORTH BELT ELEMENTARY,8105 N BELT DR,HUMBLE,77396,Elementary,29.938777,-95.266048,65,8
101912477,NORTH FOREST HIGH,10726 MESA DR,HOUSTON,77078,High,29.8689,-95.26237,65,5
101910108,NORTH SHORE ELEMENTARY,14310 DUNCANNON,HOUSTON,77015,Elementary,29.791668,-95.168661,85,18
101910042,NORTH SHORE MIDDLE,120 CASTLEGORY,HOUSTON,77015,Middle,29.802584,-95.173497,85,18
101910003,NORTH SHORE SENIOR HIGH,353 N CASTLEGORY,HOUSTON,77049,High,29.811877,-95.174593,85,18
101915102,NORTHAMPTON ELEMENTARY,6404 ROOT RD,SPRING,77389,Elementary,30.099054,-95.517802,75,13
101920005,NORTHBROOK HIGH,#1 RAIDER CIR,HOUSTON,77080,High,29.815919,-95.528626,75,15
101920047,NORTHBROOK MIDDLE,3030 ROSEFIELD DR,HOUSTON,77080,Middle,29.827145,-95.535948,75,15
101919122,NORTHGATE ELEMENTARY,23437 NORTHGATE CROSSING BLVD,HOUSTON,77373,Elementary,30.091586,-95.42836,85,7
101912210,NORTHLINE ELEMENTARY,821 WITCHER LN,HOUSTON,77076,Elementary,29.850491,-95.387482,55,5
101921109,NORTHPOINTE INTERMEDIATE,11855 NORTHPOINTE BLVD,TOMBALL,77377,Elementary,30.029223,-95.633888,95,17
101912003,NORTHSIDE HIGH,1101 QUITMAN,HOUSTON,77009,High,29.784495,-95.357464,75,5
101914109,NOTTINGHAM COUNTRY ELEMENTARY,20500 KINGSLAND BLVD,KATY,77450,Elementary,29.776599,-95.728435,85,12
101920121,NOTTINGHAM ELEMENTARY,570 NOTTINGHAM OAKS TRAIL,HOUSTON,77079,Elementary,29.765974,-95.613221,95,15
101903046,O'DONNELL MIDDLE,14041 ALIEF CLODINE,HOUSTON,77082,Middle,29.711511,-95.637175,85,4
101912211,OAK FOREST ELEMENTARY,1401 W 43RD ST,HOUSTON,77018,Elementary,29.828275,-95.43702,95,5
101913118,OAK FOREST ELEMENTARY,6400 KINGWOOD GLEN,HUMBLE,77346,Elementary,29.999276,-95.17558,75,8
101921116,OAKCREST INTERMEDIATE,18202 SHAW RD,CYPRESS,77429,Elementary,30.033882,-95.640841,95,17
101913108,OAKS ELEMENTARY,5858 UPPER LK DR,HUMBLE,77346,Elementary,30.006434,-95.184711,75,8
101912212,OATES ELEMENTARY,10044 WALLISVILLE RD,HOUSTON,77013,Elementary,29.792768,-95.25266,75,5
101914122,ODESSA KILPATRICK ELEMENTARY,26100 CINCO RANCH BLVD,KATY,77494,Elementary,29.725167,-95.802929,95,12
101902115,ODOM ELEMENTARY,14701 HENRY RD,HOUSTON,77060,Elementary,29.914088,-95.383489,85,6
101902111,OLESON ELEMENTARY,12345 VICKERY ST,HOUSTON,77039,Elementary,29.904822,-95.324433,75,6
101903042,OLLE MIDDLE,9200 BOONE RD,HOUSTON,77099,Middle,29.676887,-95.57869,85,4
101902112,ORANGE GROVE ELEMENTARY,4514 MOUNT HOUSTON RD,HOUSTON,77093,Elementary,29.890156,-95.326463,65,6
101912338,ORTIZ MIDDLE,6767 TELEPHONE RD,HOUSTON,77061,Middle,29.663527,-95.286746,75,5
101903119,OUTLEY ELEMENTARY,12355 RICHMOND AVE,HOUSTON,77082,Elementary,29.72889,-95.598526,85,4
101907119,OWENS ELEMENTARY,7939 JACKRABBIT RD,HOUSTON,77095,Elementary,29.893272,-95.621791,75,1
101903140,OWENS INTERMEDIATE,6900 TURTLEWOOD,HOUSTON,77072,Elementary,29.700976,-95.568695,75,4
101913122,PARK LAKES ELEMENTARY,4400 WILSON RD,HUMBLE,77396,Elementary,29.94484,-95.250787,75,8
101912214,PARK PLACE ELEMENTARY,8235 PARK PL BLVD,HOUSTON,77017,Elementary,29.688743,-95.273975,95,5
101917043,PARK VIEW INTERMEDIATE,3003 DABNEY DR,PASADENA,77502,Middle,29.668225,-95.184011,85,9
101912215,PARKER ELEMENTARY,10626 ATWELL DR,HOUSTON,77096,Elementary,29.666293,-95.484368,95,5
101917112,PARKS ELEMENTARY,3302 SAN AUGUSTINE,PASADENA,77503,Elementary,29.687911,-95.165173,75,9
101917001,PASADENA HIGH SCHOOL,206 S SHAVER,PASADENA,77506,High,29.708968,-95.210831,85,9
101917013,PASADENA MEMORIAL HIGH,4410 CRENSHAW,PASADENA,77504,High,29.640516,-95.175753,85,9
101919105,PAT REYNOLDS ELEMENTARY,3975 GLADERIDGE DR,HOUSTON,77068,Elementary,29.998456,-95.495574,75,7
101912216,PATTERSON ELEMENTARY,5302 ALLENDALE RD,HOUSTON,77017,Elementary,29.682544,-95.241802,85,5
101917108,PEARL HALL ELEMENTARY,1504 9TH ST,SO HOUSTON,77587,Elementary,29.662579,-95.229511,75,9
101919108,PEARL M HIRSCH ELEMENTARY,2633 TRAILING VINE RD,SPRING,77373,Elementary,30.050249,-95.39342,65,7
101912217,PECK ELEMENTARY,5001 MARTIN LUTHER KING JR BLVD,HOUSTON,77021,Elementary,29.706229,-95.334046,75,5
101912064,PERSHING MIDDLE,3838 BLUE BONNET,HOUSTON,77025,Middle,29.702415,-95.438638,85,5
101912265,PETERSEN ELEMENTARY,14404 WATERLOO DR,HOUSTON,77045,Elementary,29.618686,-95.424396,75,5
101903110,PETROSKY ELEMENTARY,6703 WINKLEMAN,HOUSTON,77083,Elementary,29.708367,-95.653275,75,4
101912218,PILGRIM ACADEMY ELEMENTARY,6302 SKYLINE,HOUSTON,77057,Elementary,29.7295,-95.494354,85,5
101912218,PILGRIM ACADEMY MIDDLE,6302 SKYLINE,HOUSTON,77057,Middle,29.7295,-95.494354,85,5
101912337,PIN OAK MIDDLE,4601 GLENMONT,BELLAIRE,77401,Middle,29.719384,-95.457695,95,5
101920110,PINE SHADOWS ELEMENTARY,9900 NEUENS,HOUSTON,77080,Elementary,29.807218,-95.536324,75,15
101913111,PINEFOREST ELEMENTARY,19702 W LK HOUSTON PKY,HUMBLE,77346,Elementary,30.003916,-95.163363,75,8
101912219,PINEY POINT ELEMENTARY,8921 PAGEWOOD LN,HOUSTON,77063,Elementary,29.725279,-95.522256,75,5
101912220,PLEASANTVILLE ELEMENTARY,1431 GELLHORN DR,HOUSTON,77029,Elementary,29.764508,-95.271407,85,5
101902051,PLUMMER MIDDLE,11429 SPEARS-GEARS RD,HOUSTON,77067,Middle,29.947586,-95.437507,75,6
101912221,POE ELEMENTARY,5100 HAZARD ST,HOUSTON,77098,Elementary,29.727427,-95.408638,85,5
101917113,POMEROY ELEMENTARY,920 BURKE RD,PASADENA,77506,Elementary,29.697193,-95.183771,85,9
101919103,PONDEROSA ELEMENTARY,17202 BUTTE CREEK RD,HOUSTON,77090,Elementary,30.014016,-95.45809,85,7
101907156,POPE ELEMENTARY,19019 N BRIDGELAND LAKE PKWY,CYPRESS,77433,Elementary,29.93433,-95.74763,95,1
101912222,PORT HOUSTON ELEMENTARY,1800 MCCARTY ST,HOUSTON,77029,Elementary,29.759276,-95.284795,75,5
101907104,POST ELEMENTARY,7600 EQUADOR ST,HOUSTON,77040,Elementary,29.882845,-95.551526,85,1
101907147,POSTMA ELEMENTARY,18425 W RD,CYPRESS,77433,Elementary,29.93433,-95.74763,95,1
101912223,PUGH ELEMENTARY,1147 KRESS ST,HOUSTON,77020,Elementary,29.767529,-95.306817,85,5
101910112,PURPLE SAGE ELEMENTARY,6500 PURPLE SAGE BLVD,HOUSTON,77049,Elementary,29.818586,-95.193058,85,18
101910109,PYBURN ELEMENTARY,12302 COULSON,HOUSTON,77015,Elementary,29.762088,-95.221154,95,18
101917044,QUEENS INTERMEDIATE,14521 QUEENS RD,PASADENA,77017,Middle,29.679879,-95.257113,85,9
101919126,RALPH EICKENROHT ELEMENTARY,15252 GRAND POINT DR,HOUSTON,77090,Elementary,29.988017,-95.429713,55,7
101914134,RAY AND JAMIE WOLMAN ELEMENTARY,28727 N FIRETHORNE RD,KATY,77494,Elementary,29.755346,-95.860826,95,12
101912396,RAY DAILY ELEMENTARY,12909 BRIAR FOREST,HOUSTON,77077,Elementary,29.754367,-95.613792,85,5
101902113,RAYMOND ELEMENTARY,1605 CONNORVALE RD,HOUSTON,77039,Elementary,29.910366,-95.361312,75,6
101912382,REAGAN K-8 EDUCATIONAL CENTER ELEMENTARY,4842 ANDERSON RD,HOUSTON,77053,Elementary,29.606844,-95.453462,75,5
101912382,REAGAN K-8 EDUCATIONAL CENTER MIDDLE,4842 ANDERSON RD,HOUSTON,77053,Middle,29.606844,-95.453462,75,5
101917114,RED BLUFF ELEMENTARY,416 BEARLE ST,PASADENA,77506,Elementary,29.703926,-95.186581,85,9
101912224,RED ELEMENTARY,4520 TONAWANDA DR,HOUSTON,77035,Elementary,29.666726,-95.455437,85,5
101907129,REED ELEMENTARY,8700 TAMI RENEE LN,HOUSTON,77040,Elementary,29.893915,-95.526434,85,1
101903113,REES ELEMENTARY,16305 KENSLEY,HOUSTON,77082,Elementary,29.713289,-95.675721,85,4
101907155,RENNELL ELEMENTARY,19500 TUCKERTON BLVD,CYPRESS,77433,Elementary,29.924913,-95.706901,95,1
101912060,REVERE MIDDLE,10502 BRIAR FOREST DR,HOUSTON,77042,Middle,29.747309,-95.56259,75,5
101912225,REYNOLDS ELEMENTARY,9601 ROSEHAVEN DR,HOUSTON,77051,Elementary,29.651802,-95.374561,65,5
101912080,RICE SCHOOL /LA ESCUELA RICE ELEMENTARY,7550 SEUSS DR,HOUSTON,77025,Elementary,29.698044,-95.420579,85,5
101912080,RICE SCHOOL /LA ESCUELA RICE MIDDLE,7550 SEUSS DR,HOUSTON,77025,Middle,29.698044,-95.420579,85,5
101917115,RICHEY ELEMENTARY,610 S RICHEY,PASADENA,77506,Elementary,29.704145,-95.221771,65,9
101917142,RICK SCHNEIDER MIDDLE,8420 EASTHAVEN,HOUSTON,77075,Elementary,29.646633,-95.250256,75,9
101919048,RICKEY C BAILEY MIDDLE,3377 JAMES C LEO DR,SPRING,77373,Middle,30.052377,-95.413166,55,7
101913127,RIDGE CREEK ELEMENTARY,15201 WOODLAND HILLS DR,HUMBLE,77396,Elementary,29.944166,-95.258689,75,8
101920111,RIDGECREST ELEMENTARY,2015 RIDGECREST,HOUSTON,77055,Elementary,29.809425,-95.494383,85,15
101912228,RIVER OAKS ELEMENTARY,2008 KIRBY DR,HOUSTON,77019,Elementary,29.747153,-95.42001,95,5
101913123,RIVER PINES ELEMENTARY,2400 COLD RIVER DR,HUMBLE,77338,Elementary,29.971788,-95.242716,65,8
101913045,RIVERWOOD MIDDLE,2910 HIGH VLY,KINGWOOD,77345,Middle,30.061219,-95.155769,95,8
101914120,ROBERT KING ELEMENTARY,1901 CHARLTON HOUSE LN,KATY,77493,Elementary,29.798908,-95.786481,75,12
101914123,ROBERTA WRIGHT RYLANDER ELEMENTARY,24831 WESTHEIMER PKWY,KATY,77494,Elementary,29.743183,-95.790544,95,12
101912229,ROBERTS ELEMENTARY,6000 GREENBRIAR ST,HOUSTON,77030,Elementary,29.71121,-95.411522,95,5
101907152,ROBINSON ELEMENTARY,4321 WESTFIELD VILLAGE DR,KATY,77449,Elementary,29.837544,-95.730897,75,1
101912186,ROBINSON ELEMENTARY,12425 WOODFOREST BLVD,HOUSTON,77013,Elementary,29.789157,-95.214531,55,5
101907140,ROBISON ELEMENTARY,13600 SKINNER RD,CYPRESS,77429,Elementary,29.971234,-95.687056,95,1
101912113,RODERICK R PAIGE ELEMENTARY,7501 CURRY RD,HOUSTON,77093,Elementary,29.827085,-95.3386,85,5
101914046,RODGER & ELLEN BECK JUNIOR HIGH ,5200 S FRY RD,KATY,77450,Middle,29.718155,-95.754779,95,12
101912372,RODRIGUEZ ELEMENTARY,5858 CHIMNEY ROCK,HOUSTON,77081,Elementary,29.718294,-95.478069,85,5
101914117,ROOSEVELT ALEXANDER ELEMENTARY,6161 S FRY RD,KATY,77494,Elementary,29.711368,-95.766321,95,12
101912231,ROOSEVELT ELEMENTARY,6700 FULTON ST,HOUSTON,77022,Elementary,29.818625,-95.374105,85,5
101921110,ROSEHILL ELEMENTARY,17950 WALLER TOMBALL RD,TOMBALL,77377,Elementary,30.061727,-95.681504,85,17
101912232,ROSS ELEMENTARY,2819 BAY ST,HOUSTON,77026,Elementary,29.800429,-95.341896,75,5
101913047,ROSS STERLING MIDDLE,1131 WILSON RD,HUMBLE,77338,Middle,29.984533,-95.248782,75,8
101915114,ROTH ELEMENTARY,21623 CASTLEMONT,SPRING,77388,Elementary,30.06658,-95.490729,75,13
101924102,ROYALWOOD ELEMENTARY,7715 ROYALWOOD DR,HOUSTON,77049,Elementary,29.834524,-95.188159,85,16
101912233,RUCKER ELEMENTARY,5201 VINETT ST,HOUSTON,77017,Elementary,29.694095,-95.242153,55,5
101920112,RUMMEL CREEK ELEMENTARY,625 BRITTMOORE,HOUSTON,77079,Elementary,29.774255,-95.570686,95,15
101907057,SALYARDS MIDDLE,21757 FAIRFIELD PLACE,CYPRESS,77433,Middle,30.005055,-95.757456,95,1
101919117,SALYERS ELEMENTARY,25705 HARDY ST,SPRING,77373,Elementary,30.071813,-95.420664,65,7
101919117,SALYERS MIDDLE,25705 HARDY ST,SPRING,77373,Middle,30.071813,-95.420664,65,7
101910116,SAM HOUSTON ELEMENTARY,4101 E SAM HOUSTON PKWY N,HOUSTON,77015,Elementary,29.644602,-95.157241,75,18
101917002,SAM RAYBURN HIGH,2121 CHERRYBROOK LN,PASADENA,77502,High,29.677501,-95.180763,85,9
101902118,SAMMONS ELEMENTARY,2301 FRICK RD,HOUSTON,77038,Elementary,29.921115,-95.449783,85,6
101907138,SAMPSON ELEMENTARY,16002 COLES CROSSING DR,CYPRESS,77429,Elementary,29.972659,-95.661335,95,1
101908104,SAN JACINTO ELEMENTARY,1302 E THIRTEENTH ST,DEER PARK,77536,Elementary,29.687972,-95.116749,85,14
101911112,SAN JACINTO ELEMENTARY,2615 VIRGINIA ST,BAYTOWN,77520,Elementary,29.724978,-95.002304,85,3
101917045,SAN JACINTO INTERMEDIATE,3600 RED BLUFF,PASADENA,77503,Middle,29.684636,-95.158186,75,9
101912281,SANCHEZ ELEMENTARY,2700 BERKLEY ST,HOUSTON,77012,Elementary,29.702129,-95.284212,95,5
101912237,SCARBOROUGH ELEMENTARY,3021 LITTLE YORK RD,HOUSTON,77093,Elementary,29.872505,-95.335877,75,5
101912024,SCARBOROUGH HIGH,4141 COSTA RICA,HOUSTON,77092,High,29.829203,-95.470995,75,5
101915047,SCHINDEWOLF INTERMEDIATE,20903 ELLA BLVD,SPRING,77388,Middle,30.065403,-95.477741,85,13
101905103,SCHOCHLER ELEMENTARY,910 DEERPASS,CHANNELVIEW,77530,Elementary,29.789646,-95.143948,85,2
101912353,SCHOOL AT ST GEORGE PLACE ELEMENTARY,5430 HIDALGO ST,HOUSTON,77056,Elementary,29.735352,-95.472643,85,5
101915119,SCHULTZ ELEMENTARY,7920 WILLOW FOREST,TOMBALL,77375,Elementary,30.099548,-95.543517,85,13
101912269,SCROGGINS ELEMENTARY,400 BOYLES ST,HOUSTON,77020,Elementary,29.780926,-95.299105,75,5
101912373,SEGUIN ELEMENTARY,5905 WALTRIP,HOUSTON,77087,Elementary,29.679238,-95.306714,55,5
101914010,SEVEN LAKES HIGH,9251 S FRY RD,KATY,77494,High,29.706246,-95.806378,95,12
101914053,SEVEN LAKES JUNIOR HIGH ,6026 KATY GASTON RD,KATY,77494,Middle,29.709472,-95.803602,95,12
101913116,SHADOW FOREST ELEMENTARY,2300 MILLS BRANCH DR,KINGWOOD,77345,Elementary,30.068992,-95.164832,95,8
101920113,SHADOW OAKS ELEMENTARY,1335 SHADOWDALE,HOUSTON,77043,Elementary,29.792052,-95.555003,75,15
101912276,SHADOWBRIAR ELEMENTARY,2650 SHADOWBRIAR DR,HOUSTON,77077,Elementary,29.737097,-95.599251,65,5
101912479,SHADYDALE ELEMENTARY,5905 TIDWELL RD,HOUSTON,77016,Elementary,29.848496,-95.311838,75,5
101912023,SHARPSTOWN HIGH,7504 BISSONNET ST,HOUSTON,77074,High,29.685398,-95.514453,75,5
101912081,SHARPSTOWN INTERNATIONAL SCHOOL HIGH,8330 TRIOLA,HOUSTON,77036,High,29.699649,-95.532504,95,5
101912081,SHARPSTOWN INTERNATIONAL SCHOOL MIDDLE,8330 TRIOLA,HOUSTON,77036,Middle,29.699649,-95.532504,95,5
101912239,SHEARN ELEMENTARY,9802 STELLA LINK RD,HOUSTON,77025,Elementary,29.677183,-95.441147,75,5
101924108,SHELDON ELEMENTARY,17203 HALL SHEPPARD,HOUSTON,77049,Elementary,29.862026,-95.131874,75,16
101907132,SHERIDAN ELEMENTARY,19790 KIETH HARROW BLVD,KATY,77449,Elementary,29.848542,-95.71677,75,1
101912240,SHERMAN ELEMENTARY,1909 MCKEE ST,HOUSTON,77009,Elementary,29.778463,-95.352329,75,5
101920119,SHERWOOD ELEMENTARY,1700 SHERWOOD FOREST,HOUSTON,77043,Elementary,29.798876,-95.580651,75,15
101902047,SHOTWELL MIDDLE,6515 TRL VLY WAY,HOUSTON,77086,Middle,29.928371,-95.482312,75,6
101912241,SINCLAIR ELEMENTARY,6410 GROVEWOOD LN,HOUSTON,77008,Elementary,29.793512,-95.427917,85,5
101919111,SMITH ELEMENTARY,26000 CYPRESSWOOD DR,SPRING,77373,Elementary,30.070475,-95.380299,75,7
101902114,SMITH ELEMENTARY,5815 W LITTLE YORK RD,HOUSTON,77091,Elementary,29.862083,-95.474776,75,6
101903105,SMITH ELEMENTARY,11300 STANCLIFF,HOUSTON,77099,Elementary,29.66201,-95.577733,55,4
101912242,SMITH ELEMENTARY,4802 CHRYSTELL LN,HOUSTON,77092,Elementary,29.839297,-95.46162,55,5
101907056,SMITH MIDDLE,10300 WARNER SMITH BLVD,CYPRESS,77433,Middle,29.93433,-95.74763,95,1
101919111,SMITH MIDDLE,26000 CYPRESSWOOD DR,SPRING,77373,Middle,30.070475,-95.380299,75,7
101903117,SNEED ELEMENTARY,9855 PAGEWOOD LN,HOUSTON,77042,Elementary,29.724346,-95.544212,65,4
101917138,SOUTH BELT ELEMENTARY,1801 RIVERSTONE RANCH DR,HOUSTON,77089,Elementary,29.575996,-95.245894,85,9
101912486,SOUTH EARLY COLLEGE HIGH,1930 AIRPORT BLVD,HOUSTON,77051,High,29.639742,-95.390631,95,5
101917118,SOUTH HOUSTON ELEMENTARY,900 MAIN ST,SO HOUSTON,77587,Elementary,29.663237,-95.244386,75,9
101917003,SOUTH HOUSTON HIGH SCHOOL,3820 S SHAVER,SO HOUSTON,77587,High,29.653437,-95.208234,85,9
101917046,SOUTH HOUSTON INTERMEDIATE,900 COLLEGE AVE,SO HOUSTON,77587,Middle,29.659922,-95.240167,95,9
101917119,SOUTH SHAVER ELEMENTARY,2020 S SHAVER,PASADENA,77502,Elementary,29.68276,-95.209133,75,9
101912244,SOUTHMAYD ELEMENTARY,1800 CORAL ST,HOUSTON,77012,Elementary,29.710051,-95.289267,85,5
101917047,SOUTHMORE INTERMEDIATE,2000 PATRICIA LN,PASADENA,77502,Middle,29.683226,-95.18915,85,9
101917131,SPARKS ELEMENTARY,2503 E SOUTHMORE,PASADENA,77502,Elementary,29.691886,-95.177556,65,9
101902132,SPENCE ELEMENTARY,1300 GEARS RD,HOUSTON,77067,Elementary,29.947197,-95.440192,75,6
101907054,SPILLANE MIDDLE,17500 JARVIS RD,CYPRESS,77429,Middle,29.972844,-95.680349,95,1
101920018,SPRING BRANCH ACADEMIC INSTITUTE ELEMENTARY,8390 WESTVIEW DR,HOUSTON,77055,Elementary,29.796,-95.494261,95,15
101920018,SPRING BRANCH ACADEMIC INSTITUTE MIDDLE,8390 WESTVIEW DR,HOUSTON,77055,Middle,29.796,-95.494261,95,15
101920114,SPRING BRANCH ELEMENTARY,1700 CAMPBELL RD,HOUSTON,77080,Elementary,29.800457,-95.51517,55,15
101920043,SPRING BRANCH MIDDLE,1000 PINEY POINT,HOUSTON,77024,Middle,29.783445,-95.517452,85,15
101919021,SPRING EARLY COLLEGE ACADEMY HIGH,1001 SOUTHRIDGE,HOUSTON,77090,High,29.687974,-95.327181,95,7
101920045,SPRING FOREST MIDDLE,14240 MEMORIAL,HOUSTON,77079,Middle,29.770214,-95.595259,85,15
101919001,SPRING HIGH,19428 INTERSTATE 45 N,SPRING,77373,High,30.055405,-95.43076,75,7
101920046,SPRING OAKS MIDDLE,2150 SHADOWDALE,HOUSTON,77043,Middle,29.81249,-95.5543,55,15
101920120,SPRING SHADOW ELEMENTARY,9725 KEMPWOOD DR,HOUSTON,77080,Elementary,29.821277,-95.532057,65,15
101920003,SPRING WOODS HIGH,2045 GESSNER,HOUSTON,77080,High,29.811387,-95.546035,75,15
101920044,SPRING WOODS MIDDLE,9810 NEUENS,HOUSTON,77080,Middle,29.808277,-95.532097,65,15
101914132,STANLEY C STANLEY ELEMENTARY,26633 CINCO TERRACE DR,KATY,77494,Elementary,29.708317,-95.831847,95,12
101919047,STELLE CLAUGHTON MIDDLE,3000 SPEARS RD,HOUSTON,77067,Middle,29.965896,-95.468274,55,7
101911102,STEPHEN F AUSTIN ELEMENTARY,3022 MASSEY TOMPKINS,BAYTOWN,77521,Elementary,29.765516,-94.928964,85,3
101902119,STEPHENS ELEMENTARY,2402 ALDINE MAIL ROUTE RD,HOUSTON,77039,Elementary,29.90153,-95.347973,95,6
101911003,STERLING HIGH,300 W BAKER RD,BAYTOWN,77521,High,29.769383,-95.005967,85,3
101912014,STERLING HIGH,11625 MARTINDALE RD,HOUSTON,77048,High,29.636477,-95.322009,75,5
101912245,STEVENS ELEMENTARY,1910 LAMONTE LN,HOUSTON,77018,Elementary,29.826948,-95.44612,65,5
101912098,STEVENSON MIDDLE,9595 WINKLER,HOUSTON,77017,Middle,29.670336,-95.242835,85,5
101914055,STOCKDICK JUNIOR HIGH ,4777 PEEK RD,KATY,77449,Middle,29.84791,-95.773466,85,12
101902044,STOVALL MIDDLE,11201 AIRLINE DR,HOUSTON,77037,Middle,29.918466,-95.409444,75,6
101915044,STRACK INTERMEDIATE,18027-S KUYKENDAHL RD,KLEIN,77379,Middle,30.033346,-95.483604,85,13
101920006,STRATFORD HIGH,14555 FERN ST,HOUSTON,77079,High,29.771848,-95.604914,85,15
101917123,STUCHBERY ELEMENTARY,11210 HUGHES,HOUSTON,77089,Elementary,29.595419,-95.217176,75,9
101914119,SUE CREECH ELEMENTARY,5905 S MASON RD,KATY,77450,Elementary,29.715148,-95.744589,95,12
101912163,SUGAR GROVE ACADEMY MIDDLE,8405 BONHOMME,HOUSTON,77074,Middle,29.686563,-95.512664,55,5
101913014,SUMMER CREEK HIGH,14000 WECKFORD BLVD,HOUSTON,77304,High,30.324546,-95.505008,85,8
101913120,SUMMERWOOD ELEMENTARY,14000 SUMMERWOOD LAKES DR,HOUSTON,77044,Elementary,29.926495,-95.175605,75,8
101914110,SUNDOWN ELEMENTARY,20100 SAUMS RD,KATY,77449,Elementary,29.801888,-95.726018,85,12
101912248,SUTTON ELEMENTARY,7402 ALBACORE DR,HOUSTON,77074,Elementary,29.697919,-95.502442,85,5
101907153,SWENKE ELEMENTARY,22400 FAIRFIELD PLACE DR,CYPRESS,77433,Elementary,30.019063,-95.754575,95,1
101914045,T H MCDONALD JUNIOR HIGH ,3635 LAKES OF BRIDGEWATER DR,KATY,77449,Middle,29.825233,-95.745213,85,12
101912039,T H ROGERS SCHOOL ELEMENTARY,5840 SAN FELIPE ST,HOUSTON,77057,Elementary,29.751605,-95.481162,85,5
101912039,T H ROGERS SCHOOL MIDDLE,5840 SAN FELIPE ST,HOUSTON,77057,Middle,29.751605,-95.481162,85,5
101912068,TANGLEWOOD MIDDLE,5215 SAN FELIPE,HOUSTON,77056,Middle,29.749952,-95.469024,85,5
101914002,TAYLOR HIGH,20700 KINGSLAND BLVD,KATY,77450,High,29.777434,-95.734119,95,12
101903003,TAYLOR HIGH,7555 HOWELL SUGAR LAND RD,HOUSTON,77083,High,29.695537,-95.631842,75,4
101914054,TAYS JUNIOR HIGH ,26721 HAWKS PRAIRIE BLVD,KATY,77494,Middle,29.74063,-95.829571,95,12
101917128,TEAGUE ELEMENTARY,4200 CRENSHAW,PASADENA,77504,Elementary,29.640879,-95.1795,75,9
101902045,TEAGUE MIDDLE,21700 RAYFORD RD,HUMBLE,77338,Middle,30.025785,-95.362538,65,6
101920122,TERRACE ELEMENTARY,10400 ROTHBURY,HOUSTON,77043,Elementary,29.819987,-95.549864,65,15
101915106,THEISS ELEMENTARY,17510 THEISS MAIL RD,KLEIN,77379,Elementary,30.025061,-95.539924,95,13
101917148,THOMAS HANCOCK ELEMENTARY,9604 MINNESOTA ST,HOUSTON,77075,Elementary,29.630338,-95.240888,55,9
101912077,THOMAS MIDDLE,5655 SELINSKY RD,HOUSTON,77048,Middle,29.63814,-95.33213,55,5
101902117,THOMPSON ELEMENTARY,220 CASA GRANDE DR,HOUSTON,77060,Elementary,29.921889,-95.40154,85,6
101912243,THOMPSON ELEMENTARY,6121 TIERWESTER,HOUSTON,77021,Elementary,29.705833,-95.363177,75,5
101917049,THOMPSON INTERMEDIATE,11309 SAGEDOWNE LN,HOUSTON,77089,Middle,29.594984,-95.215009,85,9
101907050,THORNTON MIDDLE,19802 KIETH HARROW BLVD,KATY,77449,Middle,29.846585,-95.713577,85,1
101920123,THORNWOOD ELEMENTARY,14400 FERN,HOUSTON,77079,Elementary,29.776246,-95.600058,55,15
101910111,TICE ELEMENTARY,14120 WALLISVILLE,HOUSTON,77049,Elementary,29.805932,-95.201987,85,18
101912279,TIJERINA ELEMENTARY,6501 SHERMAN ST,HOUSTON,77011,Elementary,29.740839,-95.310547,95,5
101921113,TIMBER CREEK ELEMENTARY,8455 CREEKSIDE GREEN DR,THE WOODLANDS,77389,Elementary,30.145113,-95.548164,95,17
101913110,TIMBERS ELEMENTARY,6910 LONESOME WOODS TRL,HUMBLE,77346,Elementary,29.990814,-95.172165,85,8
101913046,TIMBERWOOD MIDDLE,18450 TIMBER FOREST DR,HUMBLE,77346,Middle,29.991383,-95.190958,75,8
101912374,TINSLEY ELEMENTARY,11035 BOB WHITE,HOUSTON,77096,Elementary,29.665588,-95.501017,85,5
101907141,TIPPS ELEMENTARY,5611 QUEENSTON BLVD,HOUSTON,77084,Elementary,29.852899,-95.66952,85,1
101914133,TOM WILSON ELEMENTARY,5200 FALCON LANDING BLVD,KATY,77494,Elementary,29.722402,-95.821668,95,12
101921108,TOMBALL ELEMENTARY,1110 INWOOD,TOMBALL,77375,Elementary,30.100999,-95.62723,75,17
101921001,TOMBALL HIGH,30330 QUINN RD,TOMBALL,77375,High,30.108352,-95.629235,85,17
101921105,TOMBALL INTERMEDIATE,723 W MAIN ST,TOMBALL,77375,Elementary,30.092848,-95.621854,85,17
101921042,TOMBALL JUNIOR HIGH ,30430 QUINN RD,TOMBALL,77375,Middle,30.110417,-95.629235,95,17
101921002,TOMBALL MEMORIAL HIGH,19100 NORTHPOINTE RIDGE LN,TOMBALL,77377,High,30.053404,-95.485354,95,17
101914012,TOMPKINS HIGH,4400 FALCON LANDING BLVD,KATY,77494,High,29.732373,-95.813678,95,12
101912249,TRAVIS ELEMENTARY,3311 BEAUCHAMP ST,HOUSTON,77009,Elementary,29.788934,-95.374639,95,5
101911114,TRAVIS ELEMENTARY,100 ROBIN RD,BAYTOWN,77520,Elementary,29.775563,-95.036651,75,3
101920125,TREASURE FOREST ELEMENTARY,7635 AMELIA RD,HOUSTON,77055,Elementary,29.805809,-95.480121,55,15
101907048,TRUITT MIDDLE,6600 ADDICKS SATSUMA RD,HOUSTON,77084,Middle,29.870599,-95.631206,85,1
101917132,TURNER ELEMENTARY,4333 LILY ST,PASADENA,77505,Elementary,29.645847,-95.16549,85,9
101912251,TWAIN ELEMENTARY,7500 BRAES BLVD,HOUSTON,77025,Elementary,29.698258,-95.437283,95,5
101919045,TWIN CREEKS MIDDLE,27100 CYPRESSWOOD DR,SPRING,77373,Middle,30.060974,-95.399036,75,7
101915049,ULRICH INTERMEDIATE,10103 SPRING CYPRESS RD,KLEIN,77070,Middle,30.019804,-95.573232,75,13
101914128,URSULA STEPHENS ELEMENTARY,2715 FRY RD,KATY,77494,Elementary,29.807037,-95.72055,85,12
101920115,VALLEY OAKS ELEMENTARY,8390 WESTVIEW DR,HOUSTON,77055,Elementary,29.796,-95.494261,95,15
101912285,VALLEY WEST ELEMENTARY,10707 S GESSNER DR,HOUSTON,77071,Elementary,29.66407,-95.525634,75,5
101911122,VICTORIA WALKER ELEMENTARY,4711 SEABIRD ST,BAYTOWN,77521,Elementary,29.812649,-94.985309,85,3
101902008,VICTORY EARLY COLLEGE HIGH,4141 S VICTORY ST,HOUSTON,77088,High,29.869518,-95.464902,95,6
101905101,VIOLA COBB ELEMENTARY,915 DELL DALE ST,CHANNELVIEW,77530,Elementary,29.790407,-95.141228,75,2
101912252,WAINWRIGHT ELEMENTARY,5330 MILWEE ST,HOUSTON,77092,Elementary,29.823047,-95.469094,65,5
101907137,WALKER ELEMENTARY,6424 SETTLERS VILLAGE,KATY,77449,Elementary,29.869999,-95.730842,85,1
101912253,WALNUT BEND ELEMENTARY,10620 BRIAR FOREST,HOUSTON,77042,Elementary,29.748022,-95.562898,75,5
101912015,WALTRIP HIGH,1900 W 34TH ST,HOUSTON,77018,High,29.818369,-95.432308,75,5
101907149,WARNER ELEMENTARY,10400 WARNER SMITH BLVD,CYPRESS,77433,Elementary,29.93433,-95.74763,95,1
101907045,WATKINS MIDDLE,4800 CAIRNVILLAGE ST,HOUSTON,77084,Middle,29.847812,-95.661337,85,1
101912056,WELCH MIDDLE,11544 S GESSNER,HOUSTON,77071,Middle,29.653024,-95.534589,75,5
101907158,WELLS ELEMENTARY,10607 MASON RD,CYPRESS,77433,Elementary,29.994079,-95.738354,95,1
101912099,WEST BRIAR MIDDLE,13733 BRIMHURST,HOUSTON,77077,Middle,29.760099,-95.629794,95,5
101914103,WEST MEMORIAL ELEMENTARY,22605 PROVINCIAL BLVD,KATY,77450,Elementary,29.778656,-95.762843,85,12
101914042,WEST MEMORIAL JUNIOR HIGH ,22311 PROVINCIAL BLVD,KATY,77450,Middle,29.779231,-95.758639,85,12
101912255,WEST UNIVERSITY ELEMENTARY,3756 UNIVERSITY BLVD,HOUSTON,77005,Elementary,29.716431,-95.434127,95,5
101912017,WESTBURY HIGH,11911 CHIMNEY ROCK,HOUSTON,77035,High,29.64891,-95.480606,75,5
101919002,WESTFIELD HIGH,16713 ELLA BLVD,HOUSTON,77090,High,30.00987,-95.447432,65,7
101912036,WESTSIDE HIGH,14201 BRIAR FOREST,HOUSTON,77077,High,29.754475,-95.637697,85,5
101920116,WESTWOOD ELEMENTARY,10595 HAMMERLY,HOUSTON,77043,Elementary,29.812514,-95.558558,65,15
101912256,WHARTON K-8 DUAL LANGUAGE ACADEMY ELEMENTARY,900 W GRAY ST,HOUSTON,77019,Elementary,29.754577,-95.391148,85,5
101912256,WHARTON K-8 DUAL LANGUAGE ACADEMY MIDDLE,900 W GRAY ST,HOUSTON,77019,Middle,29.754577,-95.391148,85,5
101912018,WHEATLEY HIGH,4801 PROVIDENCE,HOUSTON,77020,High,29.770938,-95.320884,55,5
101912257,WHIDBY ELEMENTARY,7625 SPRINGHILL ST,HOUSTON,77021,Elementary,29.681664,-95.375494,55,5
101913115,WHISPERING PINES ELEMENTARY,17321 WOODLAND HILLS DR,HUMBLE,77346,Elementary,29.973656,-95.214357,55,8
101912267,WHITE E ELEMENTARY,9001 TRIOLA LN,HOUSTON,77036,Elementary,29.695891,-95.543452,85,5
101912258,WHITTIER ELEMENTARY,10511 LACROSSE ST,HOUSTON,77029,Elementary,29.759665,-95.256251,85,5
101920118,WILCHESTER ELEMENTARY,13618 ST MARYS LN,HOUSTON,77079,Elementary,29.783925,-95.610205,95,15
101921114,WILDWOOD ELEMENTARY,13802 NORTHPOINTE BLVD,TOMBALL,77377,Elementary,30.029642,-95.639508,85,17
101907131,WILLBERN ELEMENTARY,10811 GOODSPRING DR,HOUSTON,77064,Elementary,29.922108,-95.561478,85,1
101917120,WILLIAMS ELEMENTARY,1522 SCARBOROUGH LN,PASADENA,77502,Elementary,29.687569,-95.229254,75,9
101913113,WILLOW CREEK ELEMENTARY,2002 WILLOW TER,KINGWOOD,77345,Elementary,30.052603,-95.151306,95,8
101921107,WILLOW CREEK ELEMENTARY,18302 N ELDRIDGE PKWY,TOMBALL,77377,Elementary,30.025112,-95.607686,85,17
101921043,WILLOW WOOD JUNIOR HIGH ,11770 GREGSON RD,TOMBALL,77377,Middle,30.026958,-95.605498,95,17
101907118,WILSON ELEMENTARY,18015 KIETH HARROW BLVD,HOUSTON,77084,Elementary,29.848549,-95.678509,75,1
101912259,WILSON MONTESSORI ELEMENTARY,2100 YUPON ST,HOUSTON,77006,Elementary,29.747941,-95.399847,75,5
101912259,WILSON MONTESSORI MIDDLE,2100 YUPON ST,HOUSTON,77006,Middle,29.747941,-95.399847,75,5
101912260,WINDSOR VILLAGE ELEMENTARY,14440 POLO ST,HOUSTON,77085,Elementary,29.61726,-95.471686,85,5
101912009,WISDOM HIGH,6529 BEVERLY HILL LN,HOUSTON,77057,High,29.729108,-95.497085,75,5
101907157,WOODARD ELEMENTARY,17501 CYPRESS N HOUSTON RD,CYPRESS,77433,Elementary,29.984296,-95.689663,95,1
101914129,WOODCREEK ELEMENTARY,1155 WOODCREEK BEND LN,KATY,77494,Elementary,29.766626,-95.832946,95,12
101914052,WOODCREEK JUNIOR HIGH ,1801 WOOD CREEK BEND LN,KATY,77494,Middle,29.760182,-95.830407,95,12
101913048,WOODCREEK MIDDLE,14600 WOODSON PARK DR,HOUSTON,77044,Middle,29.932254,-95.201056,75,8
101910110,WOODLAND ACRES ELEMENTARY,12936 SARAH LN,HOUSTON,77015,Elementary,29.765193,-95.200155,95,18
101910043,WOODLAND ACRES MIDDLE,12947 MYRTLE LN,HOUSTON,77015,Middle,29.763129,-95.200198,85,18
101913105,WOODLAND HILLS ELEMENTARY,2222 TREE LN,KINGWOOD,77339,Elementary,30.058932,-95.213345,85,8
101912127,WOODSON SCHOOL ELEMENTARY,10720 SOUTHVIEW ST,HOUSTON,77047,Elementary,29.642846,-95.3664,85,5
101920117,WOODVIEW ELEMENTARY,9749 CEDARDALE,HOUSTON,77055,Elementary,29.790477,-95.533038,65,15
101902110,WORSHAM ELEMENTARY,3007 HARTWICK RD,HOUSTON,77093,Elementary,29.885625,-95.340707,65,6
101912019,WORTHING HIGH,9215 SCOTT ST,HOUSTON,77051,High,29.656899,-95.366578,75,5
101915043,WUNDERLICH INTERMEDIATE,11800 MISTY VLY,HOUSTON,77066,Middle,29.96639,-95.501392,75,13
101912020,YATES HIGH,3703 SAMPSON ST,HOUSTON,77004,High,29.723287,-95.354099,65,5
101907109,YEAGER ELEMENTARY,13615 CHAMPION FOREST DR,HOUSTON,77069,Elementary,29.971927,-95.539752,85,1
101903101,YOUENS ELEMENTARY,12141 HIGH STAR,HOUSTON,77072,Elementary,29.710763,-95.59318,75,4
101917130,YOUNG ELEMENTARY,4221 FOX MEADOW LN,PASADENA,77504,Elementary,29.647297,-95.197416,75,9
101912247,YOUNG ELEMENTARY,3555 BELLFORT AVE,HOUSTON,77051,Elementary,29.669913,-95.370487,55,5
101912463,YOUNG WOMEN'S COLLEGE PREP ACADEMY HIGH,1906 CLEBURNE ST,HOUSTON,77004,High,29.731242,-95.374489,95,5
101912463,YOUNG WOMEN'S COLLEGE PREP ACADEMY MIDDLE,1906 CLEBURNE ST,HOUSTON,77004,Middle,29.731242,-95.374489,95,5
101903142,YOUNGBLOOD INTERMEDIATE,8410 DAIRY VIEW LN,HOUSTON,77072,Elementary,29.686502,-95.600503,85,4
101914105,ZELMA HUTSELL ELEMENTARY,5360 FRANZ RD,KATY,77493,Elementary,29.802474,-95.814553,85,12
101915128,ZWINK ELEMENTARY,22200 FRASSATI WAY,SPRING,77389,Elementary,30.086245,-95.487361,95,13
